timestamp,node,cpu_user,cpu_system,cpu_iowait,ram_used,net_received,net_sent,load1
1776973072,k3s-control,85.5769221,11.5384623,0,952.0898,1027.2,194.6665,8.28
1776973072,k3s-worker-2,6.5656569,2.525253,0,727.4062,36.86713,257.1867,0.69
1776973072,k3s-worker-3,8.1632654,2.5510201,0,1086.1719,43.97764,277.7854,1.6
1776973072,k3s-worker-4,7.1794871,2.051282,0,720.3516,41.46626,257.0337,0.38
1776973072,raspberrypi,2.015113,1.0075567,0,2212.328,28.63026,256.7699,0.04
1776973075,k3s-control,75.4545462,12.7272724,0,946.9492,1071.1437,208.5043,7.77
1776973075,k3s-worker-2,10.2040815,4.0816328,0,723.25,41.35643,260.8816,0.69
1776973075,k3s-worker-3,5.0251258,3.0150749,0,1085.9531,48.47079,269.2946,1.6
1776973075,k3s-worker-4,7.179487,2.051282,0.5128205,720.3516,41.60898,259.9544,0.38
1776973075,raspberrypi,2.2613071,0.5025126,0,2216.781,46.28798,241.4746,0.04
1776973078,k3s-control,60.0000013,13.0769233,22.3076905,929.293,1083.7201,196.2769,7.77
1776973078,k3s-worker-2,6.0913711,2.030457,0,723.25,43.55933,263.2333,0.63
1776973078,k3s-worker-3,7.5757579,2.525253,0,1085.707,37.64752,258.6344,1.47
1776973078,k3s-worker-4,6.5656569,3.5353539,0,720.1328,41.99227,259.6185,0.35
1776973078,raspberrypi,2.7777779,0.7575758,0,2218.188,42.08611,296.584,0.91
1776973081,k3s-control,56.0000018,9.1428573,10.2857143,941.5664,1106.104,248.0092,7.39
1776973081,k3s-worker-2,7.0351761,2.512563,3.015075,723.25,46.73641,269.2719,0.63
1776973081,k3s-worker-3,8.0808079,3.030303,0,1085.4609,42.36283,254.5391,1.47
1776973081,k3s-worker-4,10.1010095,4.0404038,0,731.5312,46.52816,262.1543,0.35
1776973081,raspberrypi,2.5062661,0.5012531,0,2221.125,33.3795,277.9128,0.91
1776973083,k3s-control,43.0939189,10.4972377,12.1546957,941.875,1106.2312,213.0439,7.39
1776973083,k3s-worker-2,6.0606058,6.0606058,0,723.25,42.60837,261.9501,0.58
1776973083,k3s-worker-3,6.0301512,2.5125631,0,1084.9688,41.61384,260.3456,1.47
1776973083,k3s-worker-4,5.5837559,2.538071,0.5076142,731.0508,46.12981,272.4602,0.29
1776973083,raspberrypi,2.512563,1.5075377,0,2222.344,32.13554,284.9199,2.04
1776973087,k3s-control,71.3114776,23.7704892,0,941.543,1119.3051,191.9885,7.12
1776973087,k3s-worker-2,5.5555561,2.020202,0,736.8828,43.83726,278.7983,0.54
1776973087,k3s-worker-3,12.1212121,6.0606061,0,1087.2539,55.65809,270.5653,1.35
1776973087,k3s-worker-4,8.6294419,3.045685,0,730.5625,38.84143,245.4866,0.29
1776973087,raspberrypi,2.01005,0.7537688,0,2222.875,27.89083,261.3819,2.04
1776973090,k3s-control,34.3195303,13.0177511,2.95858,972.6289,1166.7514,251.7127,7.12
1776973090,k3s-worker-2,8.6294416,4.5685278,0,735.9141,48.6246,285.7129,0.54
1776973090,k3s-worker-3,8.1218271,2.030457,0,1080.625,37.8295,262.9771,1.24
1776973090,k3s-worker-4,4.568528,2.538071,0,730.3438,39.71064,252.8505,0.27
1776973090,raspberrypi,2.267003,1.511335,0,2223.703,36.13837,267.7373,2.029
1776973093,k3s-control,74.9999993,12.9629629,4.62963,941.8203,1084.0715,238.3643,7.35
1776973093,k3s-worker-2,7.070707,3.030303,0.5050505,735.6953,42.12082,268.0889,0.49
1776973093,k3s-worker-3,5.6410261,3.076923,0,1080.625,51.17166,271.8885,1.24
1776973093,k3s-worker-4,8.6294423,3.0456851,0,730.3438,44.33069,250.9866,0.27
1776973093,raspberrypi,2.255639,1.0025063,0,2225.156,38.56284,278.3964,2.029
1776973095,k3s-control,54.3147186,8.6294418,4.5685279,945.1992,1118.7767,264.85,7.35
1776973095,k3s-worker-2,7.6923078,3.5897439,0,735.2031,57.62291,272.7851,0.49
1776973095,k3s-worker-3,5.6122451,4.0816331,0,1080.625,43.01529,258.9664,1.24
1776973095,k3s-worker-4,7.0707069,3.5353539,0,730.3438,60.54388,282.9249,0.25
1776973095,raspberrypi,2.020202,0.7575758,0,2225.891,37.19038,269.4062,2.029
1776973098,k3s-control,61.421321,13.1979702,0,945,1212.479,2405.092,7.56
1776973098,k3s-worker-2,9.1370561,3.553299,0,734.8398,41.80655,257.2445,0.49
1776973098,k3s-worker-3,7.6530614,3.0612242,2.5510201,1080.625,50.98176,280.6714,1.14
1776973098,k3s-worker-4,6.6326528,2.5510199,0,734.8516,41.70968,257.9553,0.25
1776973098,raspberrypi,2.267003,1.2594458,0,2210.891,29.70609,262.6043,2.029
1776973101,k3s-control,82.1782184,11.8811878,0,933.3516,1107.3721,213.1113,8
1776973101,k3s-worker-2,6.5326631,2.01005,0,734.5938,41.6051,255.0173,0.45
1776973101,k3s-worker-3,6.0301509,3.5175879,0,1080.4062,47.67289,261.6258,1.14
1776973101,k3s-worker-4,11.1111114,4.0404042,0.5050505,729.6836,88.85033,1680.672,0.23
1776973101,raspberrypi,2.506266,1.2531328,0,2211.75,39.46768,283.4227,2.029
1776973103,k3s-control,46.4285699,8.163265,4.591837,939.75,1095.5848,239.6147,8
1776973103,k3s-worker-2,6.0913712,2.5380711,0,734.375,43.25013,252.7149,0.42
1776973103,k3s-worker-3,7.6142131,2.538071,0,1080.4062,53.18604,278.7947,1.05
1776973103,k3s-worker-4,6.5326628,3.5175879,0,729.6836,50.40261,276.1958,0.23
1776973103,raspberrypi,3.2663319,1.0050251,0,2215.25,34.95284,275.3782,2.038251
1776973106,k3s-control,35.9116012,10.4972384,4.4198902,939.3438,1068.7335,218.2367,8
1776973106,k3s-worker-2,5.5276382,3.0150751,0,731.1758,43.0231,255.2077,0.42
1776973106,k3s-worker-3,5.5837559,3.045685,0,1080.1875,50.3208,1273.588,0.89
1776973106,k3s-worker-4,6.0913709,2.5380709,0,729.6836,45.08384,261.7625,0.21
1776973106,raspberrypi,1.5075378,1.5075378,0,2218.453,36.74332,270.199,2.11
1776973109,k3s-control,33.727809,14.2011826,4.1420119,950.9102,1087.5945,212.4552,8.48
1776973109,k3s-worker-2,6.5989847,2.5380709,0,731.1758,46.6553,262.8706,0.4149957
1776973109,k3s-worker-3,8.2051279,3.076923,0,1079.9414,62.86967,259.6487,0.89
1776973109,k3s-worker-4,6.0913712,3.0456851,0,729.4648,37.1606,251.5664,0.21
1776973109,raspberrypi,1.5151515,1.010101,0,2219.641,34.13495,272.1396,2.18
1776973112,k3s-control,75.4545463,10.9090905,6.3636357,943.6641,1148.3404,221.0059,8.48
1776973112,k3s-worker-2,9.0452259,2.512563,0,731.1758,34.60288,255.0724,0.38
1776973112,k3s-worker-3,5.5837559,2.538071,0,1079.9414,47.64063,269.1108,0.89
1776973112,k3s-worker-4,6,2.5,0,727.9883,43.57999,252.6572,0.19
1776973112,raspberrypi,4.0100249,1.0025063,0,2221.266,37.76233,274.2948,2.18
1776973115,k3s-control,54.08805,13.836478,0,946.8789,992.9062,230.1564,8.6
1776973115,k3s-worker-2,10.1522835,4.5685278,1.0152284,730.7109,62.7154,1333.6055,0.38
1776973115,k3s-worker-3,8.6294421,3.553299,0.5076142,1078.2188,43.22998,260.9417,0.82
1776973115,k3s-worker-4,5.5555561,3.030303,0,727.9883,46.10886,258.5336,0.19
1776973115,raspberrypi,2.5,1,0,2221.344,36.58744,266.7659,2
1776973117,k3s-control,30.5699504,9.8445601,0,954.0703,1034.7038,222.0016,8.6
1776973117,k3s-worker-2,9.1370564,3.0456851,0,730.7109,44.40066,257.5245,0.35
1776973117,k3s-worker-3,5.6122451,2.55102,0.5102041,1078,38.46222,271.3564,0.82
1776973117,k3s-worker-4,8.1218268,3.0456849,0,727.9883,36.55177,248.325,0.18
1776973117,raspberrypi,2.2613069,1.2562813,0,2221.875,28.57626,271.6941,2
1776973120,k3s-control,76.4150938,16.0377368,1.8867921,951.9727,1189.9438,273.5348,8.95
1776973120,k3s-worker-2,6.0913709,2.5380709,0,730.4922,43.78191,275.7781,0.3
1776973120,k3s-worker-3,6.5989847,2.5380709,0.5076142,1087.2812,55.56678,279.0048,0.75
1776973120,k3s-worker-4,5.555556,3.030303,0,727.7695,54.32615,279.2799,0.18
1776973120,raspberrypi,2.015113,1.0075567,0,2222.188,38.67712,283.189,1.84
1776973123,k3s-control,76.1421318,9.6446702,0.5076142,948.0703,1140.7423,252.23,8.95
1776973123,k3s-worker-2,7.0707069,3.030303,1.010101,730.2461,38.84192,254.4075,0.3
1776973123,k3s-worker-3,6.565657,2.525253,0,1086.7891,49.36104,264.1033,0.75
1776973123,k3s-worker-4,7.5376881,3.0150751,0,727.7695,45.89867,259.1851,0.16
1776973123,raspberrypi,2.763819,1.2562814,0,2223.438,31.82817,266.0892,1.84
1776973126,k3s-control,72.7272723,16.3636365,5.4545452,945.1953,1130.297,432.721,8.21
1776973126,k3s-worker-2,7.6142128,2.5380709,1.0152284,730.2461,179.1217,266.4472,0.27
1776973126,k3s-worker-3,5.5837562,2.5380711,0,1085.832,68.35464,263.649,0.69
1776973126,k3s-worker-4,6.6326532,3.0612241,0,727.7695,69.14657,259.8694,0.16
1776973126,raspberrypi,2.015113,0.7556675,0,2223.422,54.07034,275.5293,1.69
1776973129,k3s-control,59.701493,13.4328367,3.7313432,942.8438,1128.0806,437.6019,7.55
1776973129,k3s-worker-2,7.6142132,3.0456851,0,735.9336,81.10462,270.3179,0.27
1776973129,k3s-worker-3,5.555556,3.030303,0,1085.5859,106.46104,253.3512,0.69
1776973129,k3s-worker-4,10.7142857,7.1428568,0,731.0234,153.00712,260.4146,0.15
1776973129,raspberrypi,2.015113,1.2594458,0,2216.922,64.02221,280.4353,1.69
1776973132,k3s-control,82,15,0,957.7109,1110.5023,212.457,7.55
1776973132,k3s-worker-2,6.0606061,2.525253,0,735.9336,35.18928,247.2989,0.25
1776973132,k3s-worker-3,5.6122448,2.5510199,1.0204082,1085.5859,45.67927,263.2029,0.64
1776973132,k3s-worker-4,6.1538461,3.076923,0,731.0234,36.41957,255.7874,0.15
1776973132,raspberrypi,2.015113,1.511335,0,2221.562,30.96482,270.7284,1.56
1776973135,k3s-control,62.5,13.28125,0.78125,945.6094,1146.5683,249.7583,7.11
1776973135,k3s-worker-2,8.1218268,2.5380709,0,735.1953,42.4402,263.4682,0.25
1776973135,k3s-worker-3,6.0301508,2.0100499,0,1085.1211,39.28898,258.619,0.58
1776973135,k3s-worker-4,8.0808079,2.525253,0,731.0234,37.05851,244.8597,0.13
1776973135,raspberrypi,1.7587941,1.0050251,0,2222.516,27.27491,263.9932,1.56
1776973138,k3s-control,82.3529408,15.6862752,0,948.8438,1085.1983,198.4963,7.11
1776973138,k3s-worker-2,6.0301509,3.5175879,0,734.9766,38.7431,261.0639,0.23
1776973138,k3s-worker-3,6.6326528,2.0408159,0.5102041,1085.1211,47.23406,275.69,0.58
1776973138,k3s-worker-4,6.6326529,3.5714289,0,730.8047,36.05424,259.8431,0.1288798
1776973138,raspberrypi,2.0100501,1.0050251,0,2224.797,33.05469,275.8599,1.43
1776973142,k3s-control,87.1287126,10.8910893,0,962.0977,1138.8283,245.7216,7.26
1776973142,k3s-worker-2,6.6326531,2.040816,0,734.9766,62.37739,305.982,0.21
1776973142,k3s-worker-3,6.1224488,3.0612239,0,1084.3828,37.13838,254.8375,0.54
1776973142,k3s-worker-4,6.5989847,3.5532989,0,727.6055,39.53927,251.978,0.12
1776973142,raspberrypi,2.01005,1.5075377,0,2222.219,35.07181,265.9162,1.32
1776973145,k3s-control,65.6,10.4,11.2,943.0195,1083.9826,231.6472,7.26
1776973145,k3s-worker-2,6.0913711,2.030457,0,734.9766,40.8477,251.7695,0.21
1776973145,k3s-worker-3,7.6923078,4.1025639,0,1085.3945,39.36288,261.581,0.54
1776973145,k3s-worker-4,5.5837562,2.5380711,0,727.6055,50.63462,278.6109,0.11
1776973145,raspberrypi,2.493766,1.2468828,0,2230.188,31.29909,267.9726,1.32
1776973148,k3s-control,74.1071421,12.5000004,0,946.2695,1020.4909,192.6142,6.76
1776973148,k3s-worker-2,6.0606061,3.030303,0,734.7578,42.60259,258.0407,0.2
1776973148,k3s-worker-3,7.1794869,4.102564,0,1084.9023,42.1799,256.374,0.49
1776973148,k3s-worker-4,9.5959596,3.5353538,0,727.3867,39.98315,261.4418,0.11
1776973148,raspberrypi,2.756892,1.0025063,0,2230.891,34.47756,279.5894,1.36
1776973152,k3s-control,40.2234621,8.3798884,1.1173185,950.1875,1068.0344,217.3028,7.26
1776973152,k3s-worker-2,5.5837559,3.045685,0,734.7578,42.98986,257.8364,0.2
1776973152,k3s-worker-3,7.6142132,3.0456851,0,1084.6562,41.70804,262.0367,0.45
1776973152,k3s-worker-4,5.0505051,2.5252531,0,727.3867,48.52085,253.3803,0.1
1776973152,raspberrypi,2.0100501,1.0050251,0,2230.406,59.27626,288.8752,1.36
1776973154,k3s-control,55.8375598,10.659898,10.152284,946.4102,1107.618,267.8339,7.26
1776973154,k3s-worker-2,9.1370563,2.0304571,0,734.5391,46.96297,262.8013,0.18
1776973154,k3s-worker-3,6.0606061,3.030303,0,1084.4102,51.3907,270.2346,0.45
1776973154,k3s-worker-4,6.060606,2.525253,0.5050505,727.168,51.13364,255.1137,0.1
1776973154,raspberrypi,3.258145,1.0025063,0,2229.703,35.43486,270.6851,1.25
1776973157,k3s-control,51.0204084,8.6734687,0,938.2383,1150.6112,272.1666,7.26
1776973157,k3s-worker-2,6.1224491,2.55102,0,734.5391,44.14469,272.1816,0.18
1776973157,k3s-worker-3,5.1020412,2.0408161,0,1084.4102,43.98981,251.4111,0.45
1776973157,k3s-worker-4,5.5555559,4.5454549,0,727.168,48.00067,263.4775,0.1
1776973157,raspberrypi,2.015113,1.0075567,0,2230.641,36.43872,271.1736,1.25
1776973159,k3s-control,46.4646479,10.6060605,11.6161615,933.7891,1170.5802,1143.0367,6.84
1776973159,k3s-worker-2,10.6598979,3.045685,1.0152284,738.2969,49.4154,263.5818,0.16
1776973159,k3s-worker-3,5.5555561,2.020202,0,1083.4531,50.92593,270.3668,0.38
1776973159,k3s-worker-4,10.2040815,4.0816328,0,725.9375,44.90794,255.5177,0.09
1776973159,raspberrypi,2.005013,1.5037594,0,2210.078,38.26871,282.0769,1.15
1776973162,k3s-control,58,10,12.5,936.5703,1122.3581,263.8365,6.84
1776973162,k3s-worker-2,7.6142132,3.0456851,0,737.8047,47.77066,256.542,0.16
1776973162,k3s-worker-3,5.5276378,2.5125629,0,1083.4531,45.19076,262.3943,0.38
1776973162,k3s-worker-4,8.629442,4.060914,0,725.9375,81.44345,1135.521,0.09
1776973162,raspberrypi,2.0050131,1.0025063,0,2215.484,42.86861,277.0892,1.15
1776973164,k3s-control,50.0000008,11.6161622,4.5454551,941.6953,1134.8539,326.0788,6.8
1776973164,k3s-worker-2,7.1065988,3.5532989,0,737.7461,47.36662,273.1581,0.16
1776973164,k3s-worker-3,7.6923079,2.564103,0,1083.2344,52.0767,278.6518,0.35
1776973164,k3s-worker-4,5.6122453,2.5510201,0,725.9375,44.10234,260.3073,0.08
1776973164,raspberrypi,2.2613071,0.7537688,0,2218.734,39.35752,275.4645,1.05
1776973167,k3s-control,64.7058818,12.5000004,13.9705884,940.125,1118.0501,243.2668,6.8
1776973167,k3s-worker-2,7.1065991,3.0456851,4.0609141,740.4727,47.30403,257.3056,0.15
1776973167,k3s-worker-3,6.0606061,3.030303,0,1082.9883,40.34514,260.4057,0.35
1776973167,k3s-worker-4,6.5989849,2.030457,0,725.9375,40.22351,250.5395,0.08
1776973167,raspberrypi,2.0100501,1.0050251,0,2221.875,32.52324,271.9321,1.05
1776973170,k3s-control,65.9420295,15.9420289,3.623188,949.8672,1059.3039,175.461,6.57
1776973170,k3s-worker-2,6.6326532,3.0612241,0,739.9805,38.95664,253.1679,0.14
1776973170,k3s-worker-3,5.5837563,2.5380711,0,1082.7695,54.00545,256.0874,0.32
1776973170,k3s-worker-4,5.5276382,3.0150751,0,725.4727,40.66227,254.6924,0.07
1776973170,raspberrypi,1.7587941,1.2562815,0,2223.766,38.00898,273.4887,0.97
1776973173,k3s-control,32.9842914,8.9005244,3.6649212,945.0547,1118.4905,241.7743,6.57
1776973173,k3s-worker-2,6.565657,2.525253,0.5050505,735.0586,43.5296,267.4246,0.14
1776973173,k3s-worker-3,6.1224489,4.0816329,0,1089.9336,43.54634,261.2684,0.32
1776973173,k3s-worker-4,6.060606,2.525253,0,732.8672,48.49106,261.2781,0.07
1776973173,raspberrypi,3.0303029,1.2626262,0,2224.609,40.891,286.3089,0.97
1776973175,k3s-control,43.3673499,10.204082,0,954.4766,1131.7314,258.5959,6.77
1776973175,k3s-worker-2,7.5757578,3.5353539,0,734.3477,74.1934,1474.0527,0.37
1776973175,k3s-worker-3,8.6294419,3.553299,0,1089.4336,46.26374,262.2376,0.3
1776973175,k3s-worker-4,9.1370559,3.045685,0,731.1445,46.81598,270.7636,0.06
1776973175,raspberrypi,2.2613071,0.7537688,0,2226.422,35.08862,265.6095,0.89
1776973178,k3s-control,55.7046984,12.0805366,2.6845639,949.1602,994.3542,178.0056,6.77
1776973178,k3s-worker-2,6.5656569,4.040404,0,733.8555,56.9869,257.2186,0.37
1776973178,k3s-worker-3,6.5656569,3.5353539,0.5050505,1092.5273,35.38814,248.5661,0.3
1776973178,k3s-worker-4,8.1218267,2.0304569,0,731.1445,55.48915,268.9603,0.06
1776973178,raspberrypi,3.7593981,1.2531328,0.2506266,2227.203,51.21206,293.3504,0.89
1776973181,k3s-control,32.9545472,12.4999989,4.5454546,947.7578,1170.8808,256.6354,6.38
1776973181,k3s-worker-2,6.1224491,2.55102,0,733.8555,46.53513,267.0964,0.34
1776973181,k3s-worker-3,7.6142127,2.5380709,0,1091.3398,36.31126,245.4749,0.27
1776973181,k3s-worker-4,7.6142127,2.5380709,0,730.8984,42.53322,263.3186,0.06
1776973181,raspberrypi,3,0.5,0,2228.672,36.59968,269.6305,0.82
1776973184,k3s-control,33.1491692,11.6022097,0,968.043,1149.3708,471.6804,6.38
1776973184,k3s-worker-2,8.5858588,3.0303029,0,733.3906,84.65296,266.8065,0.34
1776973184,k3s-worker-3,5.5837558,2.0304569,0,1095.0977,74.01815,286.0016,0.25
1776973184,k3s-worker-4,6.0301509,3.5175879,0.5025126,730.6797,62.45284,267.4914,0.05
1776973184,raspberrypi,3.0226701,0.7556675,0,2228.969,38.14217,274.7783,0.75
1776973188,k3s-control,57.1428575,10.7142855,2.1428569,959.3594,1124.2733,234.1097,6.59
1776973188,k3s-worker-2,8.1632652,4.0816331,0,729.9258,45.20257,269.3112,0.29
1776973188,k3s-worker-3,7.070707,2.525253,0,1093.1719,34.56307,252.2456,0.25
1776973188,k3s-worker-4,4.5,2.5,0,730.4336,36.25847,248.7453,0.05
1776973188,raspberrypi,2.493766,1.4962594,0,2221.719,33.0383,268.1057,0.75
1776973191,k3s-control,86.7346933,12.2448985,0,947.9258,1078.1956,210.4761,6.59
1776973191,k3s-worker-2,5.6122453,2.5510201,0,729.9258,36.68718,253.4936,0.26
1776973191,k3s-worker-3,6.1224493,2.0408161,0,1093.1719,37.75144,254.2225,0.23
1776973191,k3s-worker-4,5.5837562,2.5380711,0,730.9453,36.33377,254.1633,0.05
1776973191,raspberrypi,2.7638189,1.0050251,0,2223.703,38.9273,274.0583,0.69
1776973194,k3s-control,48.1751829,14.5985409,14.5985409,944.8945,1080.2538,224.5863,6.71
1776973194,k3s-worker-2,7.6530609,2.55102,0,729.4609,44.80258,269.0187,0.26
1776973194,k3s-worker-3,7.7319586,2.0618559,0,1092.4336,55.62134,281.1697,0.23
1776973194,k3s-worker-4,6.0913712,2.5380711,0,730.9453,45.13451,263.873,0.05
1776973194,raspberrypi,2.2556391,1.0025063,0,2223.984,36.31509,277.0257,0.64
1776973197,k3s-control,53.6231868,11.5942023,0,945.5781,1148.0281,228.972,6.71
1776973197,k3s-worker-2,8.1218269,4.060914,0,726.5078,39.47709,253.0625,0.24
1776973197,k3s-worker-3,4.5918371,2.5510201,0,1091.4766,32.94491,249.3256,0.37
1776973197,k3s-worker-4,6.1224488,3.0612239,0,730.9453,45.22813,271.0044,0.04
1776973197,raspberrypi,2.7638191,1.5075377,0,2227.609,42.72005,273.6369,0.64
1776973201,k3s-control,71.1340189,24.7422696,1.0309278,923.6211,1215.872,503.3796,6.33
1776973201,k3s-worker-2,10.8247417,6.7010308,0,726.0273,71.1787,263.8308,0.22
1776973201,k3s-worker-3,5.5837563,3.5532992,0,1090.9844,52.27683,256.0835,0.32
1776973201,k3s-worker-4,5.5276382,3.0150751,0,730.7266,47.26807,256.8539,0.04
1776973201,raspberrypi,27.4559194,7.8085638,0,1540.3906,16205.896,667.5227,0.59
1776973205,k3s-control,84,14,0,932.2188,1145.5276,199.2471,6.9
1776973205,k3s-worker-2,8.2051278,2.5641029,1.5384615,726.0273,33.6423,249.6052,0.22
1776973205,k3s-worker-3,9,4,0.5,1088.0312,39.16257,268.0166,0.32
1776973205,k3s-worker-4,5.6122453,2.5510201,0,736.0664,66.66675,283.6028,0.04
1776973205,raspberrypi,73.1829585,3.5087719,0,1032.6094,32.2822,276.2863,0.78
1776973209,k3s-control,53.6,16.8,10.4,935.3438,1143.5247,251.9591,6.9
1776973209,k3s-worker-2,5.555556,3.030303,0,726.0273,36.76294,263.0943,0.2
1776973209,k3s-worker-3,6.5656569,4.040404,0,1088.2188,38.93263,269.9486,0.29
1776973209,k3s-worker-4,7.1065991,3.0456851,0,735.832,39.12884,257.3749,0.03
1776973209,raspberrypi,77,1.5,0,1060,32.4847,280.8275,0.78
1776973211,k3s-control,36.57143,10.857143,0,930.4062,1060.8935,211.4982,8.029
1776973211,k3s-worker-2,6.0913712,2.5380711,0.5076142,732.7344,36.71523,262.5029,0.19
1776973211,k3s-worker-3,5.5276382,3.0150751,0,1087.4922,32.33472,259.3409,0.29
1776973211,k3s-worker-4,7.0351757,3.0150749,0,735.832,33.36995,246.4701,0.03
1776973211,raspberrypi,64.588527,12.4688274,0,1081.2031,297.866,356.793,0.96
1776973215,k3s-control,58.4070789,14.1592917,1.769912,929.4258,1213.0624,242.7377,8.029
1776973215,k3s-worker-2,8.121827,3.553299,0,731.5469,44.04835,272.2402,0.19
1776973215,k3s-worker-3,6.153846,3.589744,0,1087.2461,46.77507,264.0273,0.27
1776973215,k3s-worker-4,6.1224491,2.55102,0,738.9727,38.22723,251.6123,0.03
1776973215,raspberrypi,70.9273193,6.5162909,0,1092.0312,35.13648,293.6659,0.96
1776973219,k3s-control,68.316828,24.7524793,0,923.3164,1191.3025,2308.823,7.95
1776973219,k3s-worker-2,7.6142132,3.0456851,0,729.1172,34.51112,258.3986,0.17
1776973219,k3s-worker-3,5.0251262,3.0150751,0,1087.2461,43.44094,277.833,0.2772616
1776973219,k3s-worker-4,10.8247419,5.1546389,0,733.3555,35.67323,251.7593,0.03
1776973219,raspberrypi,75.187973,1.5037595,0,1102.6562,32.9804,289.0095,1.27
1776973221,k3s-control,61.6071418,12.5000004,0,944.0117,1115.098,235.3726,7.79
1776973221,k3s-worker-2,6.5989851,3.045685,0.5076142,729.1172,43.70249,255.4393,0.17
1776973221,k3s-worker-3,6.1855672,2.5773201,0,1087.0273,39.13858,249.2041,0.33
1776973221,k3s-worker-4,7.6530611,3.061224,0,733.3555,44.11563,251.7418,0.03
1776973221,raspberrypi,73.0478556,4.2821157,0,1522.8125,35.52776,284.4052,1.41
1776973226,k3s-control,61.6071388,16.9642897,5.3571429,964.9375,1161.5851,217.8363,7.97
1776973226,k3s-worker-2,10.7692312,6.1538461,1.025641,725.4531,36.13315,254.7527,0.16
1776973226,k3s-worker-3,9.1370561,4.568528,3.045685,1087.0273,61.59422,1597.3796,0.3
1776973226,k3s-worker-4,8.6734693,3.0612241,0,733.3555,49.30977,261.7476,0.03
1776973226,raspberrypi,71.1055279,6.5326628,0,1131.4219,35.8475,290.6488,1.41
1776973228,k3s-control,32.6530586,10.2040816,10.7142855,980.0234,1035.2809,218.6143,7.97
1776973228,k3s-worker-2,8.0808078,4.0404039,0,727.7695,43.81126,259.4988,0.15
1776973228,k3s-worker-3,5.5837559,2.030457,1.0152284,1086.8086,58.78215,254.798,0.3
1776973228,k3s-worker-4,7.1428569,3.061224,0,733.3555,32.29623,248.1181,0.03
1776973228,raspberrypi,75.5611005,1.4962594,0,992.9219,29.13734,279.9128,1.4248418
1776973231,k3s-control,32.4742291,9.2783507,0,961.8828,1060.9356,226.6026,7.97
1776973231,k3s-worker-2,7.0351761,3.517588,0,727.5234,44.02213,259.9897,0.15
1776973231,k3s-worker-3,6.6326529,3.061224,0.5102041,1086.8086,42.00586,265.2771,0.27
1776973231,k3s-worker-4,5.5837563,3.0456851,0,731.9062,42.10247,259.3495,0.02
1776973231,raspberrypi,74.8129704,1.4962594,0,997.75,36.80417,288.3777,1.54
1776973235,k3s-control,48.5714293,15.7142858,14.2857138,944.8047,1161.2653,233.8287,7.73
1776973235,k3s-worker-2,12.1827413,4.5685281,1.0152284,727.5234,51.75891,1315.425,0.1474981
1776973235,k3s-worker-3,6.5326631,3.0150751,0,1085.0859,43.00428,264.9182,0.27
1776973235,k3s-worker-4,5.555556,3.030303,0,731.9062,36.26234,247.8621,0.02
1776973235,raspberrypi,76.25,0.75,0,1002.5781,30.8515,280.5853,1.66
1776973238,k3s-control,81.1881192,11.8811879,0,960.3359,1135.4146,237.5841,7.59
1776973238,k3s-worker-2,6.5989853,2.0304571,0,726.8125,52.63114,259.5685,0.13
1776973238,k3s-worker-3,7.1065991,3.5532991,0,1088.9102,36.46781,253.0285,0.23
1776973238,k3s-worker-4,7.5,3,0,731.9062,42.56467,252.6942,0.02
1776973238,raspberrypi,75.6281437,1.0050251,0,1122.5781,33.27768,276.5154,1.66
1776973240,k3s-control,34.020618,10.3092774,0,951.0547,1169.5212,257.6899,7.59
1776973240,k3s-worker-2,9.2307688,2.5641029,0,726.8125,40.79561,249.5785,0.12
1776973240,k3s-worker-3,7.070707,3.030303,0,1088.1758,36.8204,256.522,0.23
1776973240,k3s-worker-4,5.555556,2.525253,0,731.6602,37.18774,265.0625,0.02
1776973240,raspberrypi,76.5743062,1.2594457,0,1130.625,36.48475,303.7603,1.84
1776973244,k3s-control,39.0411,19.86301,12.328767,952.7422,1105.5728,261.8791,6.98
1776973244,k3s-worker-2,7.1065992,4.0609141,0,726.3203,56.35257,264.6883,0.12
1776973244,k3s-worker-3,5.5837562,2.5380711,0,1088.1758,40.69115,256.421,0.21
1776973244,k3s-worker-4,5.555556,3.030303,0,731.6602,42.0378,255.3975,0.02
1776973244,raspberrypi,76.6917253,2.0050129,0,1122.0625,44.42898,306.8321,1.84
1776973247,k3s-control,69.0476175,11.9047616,0,978.2305,1125.0831,234.0231,6.98
1776973247,k3s-worker-2,6.5989853,2.0304571,0,733.7305,33.26654,247.3852,0.1
1776973247,k3s-worker-3,8.1218272,2.5380711,0,1087.7227,41.54842,254.9023,0.2
1776973247,k3s-worker-4,7.1428572,2.5510201,0,731.1953,47.39422,265.3917,0.02
1776973247,raspberrypi,76.5151485,2.020202,0,1118.5625,36.57804,309.0445,1.94
1776973251,k3s-control,74,15,2,966.2031,1076.2988,182.9629,7.43
1776973251,k3s-worker-2,6.5989853,2.5380711,0,728.8086,36.6433,248.1021,0.1
1776973251,k3s-worker-3,5.1020413,3.0612242,0,1087.7227,37.07222,260.1165,0.2
1776973251,k3s-worker-4,5.5837559,3.045685,0,729.2266,37.56255,257.3955,0.02
1776973251,raspberrypi,76.9423554,2.5062658,0,1126.1719,32.1862,287.5775,2.02
1776973254,k3s-control,59.3220343,21.1864415,0.8474577,969.5703,1165.8435,226.3425,7.43
1776973254,k3s-worker-2,5.555556,3.030303,0,728.8086,42.55385,265.0088,0.1
1776973254,k3s-worker-3,7.6142127,2.5380709,0,1087.4766,38.63467,274.9615,0.18
1776973254,k3s-worker-4,6.1224492,3.0612241,0,729.2266,46.00478,260.2456,0.01
1776973254,raspberrypi,76.3224156,1.2594457,0,1138.0156,36.42267,300.7153,2.02
1776973257,k3s-control,73.68421,14.912281,0,968.8008,1124.5949,226.181,6.92
1776973257,k3s-worker-2,7.1065993,2.0304571,0,727.125,33.76322,253.6253,0.09
1776973257,k3s-worker-3,5.0761422,3.0456851,0,1086.9844,40.30409,256.3245,0.18
1776973257,k3s-worker-4,8.121827,3.553299,0,728.7617,43.45438,267.7936,0.01
1776973257,raspberrypi,76.1904754,1.7543859,0,1147.7031,25.10301,274.5718,2.1
1776973260,k3s-control,75.7281556,14.5631062,6.7961166,970.2539,1085.482,202.389,6.52
1776973260,k3s-worker-2,7.6530614,3.0612242,0,727.125,43.39424,269.8672,0.09
1776973260,k3s-worker-3,8.0808079,3.030303,0,1086.5195,35.77357,249.0589,0.16
1776973260,k3s-worker-4,11,6,0,730.332,40.07872,256.9647,0.01
1776973260,raspberrypi,74.6867178,2.0050129,0,2069.531,16.387407,276.6041,2.1
1776973264,k3s-control,56.198348,16.5289254,9.0909087,947.0469,1129.2851,219.3449,6.52
1776973264,k3s-worker-2,6.532663,3.015075,0,727.125,36.6062,259.3649,0.08
1776973264,k3s-worker-3,7.070707,3.030303,0,1086.0273,37.64755,254.2567,0.16
1776973264,k3s-worker-4,8.6294419,2.538071,0,730.0977,54.51095,266.0316,0.01
1776973264,raspberrypi,75.5,1.75,0,1859.734,32.59513,303.5076,2.24
1776973266,k3s-control,89.6226418,8.4905662,0,947.2891,1078.7142,224.2628,6
1776973266,k3s-worker-2,6.0913709,2.5380709,0,726.9062,38.50414,251.4539,0.08
1776973266,k3s-worker-3,6.6326532,3.0612241,0,1086.4648,38.90988,260.75,0.15
1776973266,k3s-worker-4,7.6142129,3.045685,3.553299,730.0977,38.70517,260.773,0.01
1776973266,raspberrypi,75.6218939,0.7462687,0,1498.3594,32.36498,279.7474,2.24
1776973270,k3s-control,80,11,4,963.9961,1095.5889,193.7996,6
1776973270,k3s-worker-2,7.5757579,2.525253,0,726.9062,37.72924,250.86,0.07
1776973270,k3s-worker-3,6.598985,3.045685,0,1088.6289,36.86792,249.4423,0.14
1776973270,k3s-worker-4,6.5656569,4.040404,0,729.8516,40.25423,256.2181,0.01
1776973270,raspberrypi,75.8793961,1.005025,0,1145.6719,17.63949,269.3401,2.3
1776973274,k3s-control,41.4965986,13.6054416,8.1632647,974.7891,1140.5555,270.1931,5.76
1776973274,k3s-worker-2,6.060606,3.030303,0,726.9062,38.57288,253.338,0.07
1776973274,k3s-worker-3,6.6326531,2.040816,0,1087.9062,44.39845,256.8205,0.14
1776973274,k3s-worker-4,8.0808078,3.0303029,0,729.6328,40.77846,251.5201,0.01
1776973274,raspberrypi,75.9398476,0.2506266,0,1102.8594,31.72116,289.4716,2.3
1776973277,k3s-control,59.3495899,15.447154,0,954.3047,1162.4719,240.4356,5.76
1776973277,k3s-worker-2,8.6734692,3.5714291,0,729.6719,37.76826,249.1114,0.07
1776973277,k3s-worker-3,9.5959602,6.5656571,0,1087.6602,33.77814,246.4599,0.13
1776973277,k3s-worker-4,9.0909092,3.5353541,0,729.6328,38.03852,249.2612,0.01
1776973277,raspberrypi,76,1,0,1096.0312,14.199695,306.6639,2.36
1776973280,k3s-control,63.55932,10.169492,5.932203,966.3398,1116.1102,183.4862,5.38
1776973280,k3s-worker-2,6.0913709,2.5380709,0,729.6719,41.14671,254.2756,0.06
1776973280,k3s-worker-3,6.6326533,1.5306123,0,1086.4297,42.22784,259.5252,0.12
1776973280,k3s-worker-4,12.5628139,6.0301509,0,727.1719,81.12417,1638.7974,0.33
1776973280,raspberrypi,75.8793952,0.2512563,0,1110.4531,19.99356,277.5734,2.41
1776973284,k3s-control,65.6565654,17.1717188,6.0606056,948.9648,1114.2252,211.1218,6.63
1776973284,k3s-worker-2,6.0606061,3.030303,0,729.6719,45.30285,264.6462,0.06
1776973284,k3s-worker-3,8.1632649,2.040816,0,1085.9648,54.14285,1607.3338,0.12
1776973284,k3s-worker-4,8.080808,3.535354,0,726.9531,54.90604,267.9109,0.33
1776973284,raspberrypi,76.4411028,1.0025063,0,1125.5469,23.95422,282.6615,2.46
1776973288,k3s-control,82.1782184,15.8415837,0,930.3008,1041.2838,174.9976,6.63
1776973288,k3s-worker-2,9.1836727,2.5510199,0,730.4336,46.98698,255.8119,0.06
1776973288,k3s-worker-3,6.565657,2.020202,0,1085.4727,57.04534,246.2724,0.11
1776973288,k3s-worker-4,8.6294421,4.5685281,0,726.9531,50.40904,262.3933,0.3
1776973288,raspberrypi,72.5440829,7.3047863,0,1133.3125,17.97896,236.9203,2.46
1776973292,k3s-control,55.7377026,12.2950826,3.2786892,958.0352,1057.1863,212.935,6.26
1776973292,k3s-worker-2,6.0913709,2.5380709,0,730.4336,38.09003,262.9866,0.05
1776973292,k3s-worker-3,5.5276382,3.5175881,0,1084.7617,36.98617,252.143,0.1
1776973292,k3s-worker-4,11.1675134,4.5685282,0,730.2812,40.76229,254.6209,0.3
1776973292,raspberrypi,55.6675071,4.2821158,0.2518892,2154.781,20.42515,289.2602,2.5
1776973295,k3s-control,74.7474737,12.1212126,0,958.0547,1258.4782,578.3878,5.76
1776973295,k3s-worker-2,10.2564104,5.6410262,0.5128205,727.2656,107.50583,1268.5856,0.04
1776973295,k3s-worker-3,8.7179493,6.6666672,0,1084.2539,124.48579,332.2008,0.1
1776973295,k3s-worker-4,7.0351759,3.5175879,0,729.8281,53.25659,262.0165,0.26
1776973295,raspberrypi,2.0050129,0.7518797,0,2158.172,43.58422,294.6078,2.5
1776973299,k3s-control,79.411763,17.6470607,0.9803922,984.8047,1096.7952,203.9969,5.76
1776973299,k3s-worker-2,7.070707,2.525253,0,727.2656,46.82764,261.502,0.04
1776973299,k3s-worker-3,6.0301509,2.512563,0.5025126,1088.7656,48.5475,270.7032,0.09
1776973299,k3s-worker-4,10.6060611,4.040404,0,729.582,42.59516,263.2138,0.24
1776973299,raspberrypi,1.7587941,1.2562815,0,2170.828,32.84857,275.4247,2.3
1776973302,k3s-control,68.7499975,22.9166692,3.1249999,980.457,1111.5963,381.9479,7.62
1776973302,k3s-worker-2,6.1224491,3.5714291,0,726.5273,54.89805,252.1485,0.04
1776973302,k3s-worker-3,5.0505051,2.525253,0,1088.5195,35.98408,247.4757,0.08
1776973302,k3s-worker-4,7.5757578,3.5353539,0,728.625,36.61691,246.5752,0.24
1776973302,raspberrypi,2.015113,1.2594458,0,2196.984,62.8102,284.9828,2.12
1776973307,k3s-control,76,20,3,960.5234,1175.0843,339.2538,7.97
1776973307,k3s-worker-2,32.9949225,14.2131991,9.1370567,682.2734,12927.331,413.5884,0.36
1776973307,k3s-worker-3,5.5837563,3.0456851,0,1086.0781,41.65987,262.396,0.07
1776973307,k3s-worker-4,15.1515143,35.3535384,0,137.53516,56.69178,254.4843,0.22
1776973307,raspberrypi,4.0712472,2.5445291,0,2204.562,57.7431,275.3268,1.79
1776973311,k3s-control,82.3529405,15.6862751,0,953.1055,1204.9129,208.9053,7.97
1776973311,k3s-worker-2,97.5,2,0,648.4062,40.78927,284.7551,0.36
1776973311,k3s-worker-3,6.565657,2.525253,0,1085.5859,38.08498,256.9739,0.07
1776973311,k3s-worker-4,8.5858593,3.5353541,2.0202021,932.6367,37.42328,274.2892,0.68
1776973311,raspberrypi,1.763224,0.7556675,0,2214.375,29.99884,277.9603,1.79
1776973315,k3s-control,81.1881192,11.8811879,2.970297,939.4805,1271.4545,503.8895,9.1
1776973315,k3s-worker-2,93.9698494,5.527638,0,631.5273,73.71761,325.9505,0.57
1776973315,k3s-worker-3,6.5326631,4.020101,0,1085.1328,40.85807,266.5982,0.06
1776973315,k3s-worker-4,8.6294416,4.0609138,0,945.2305,39.38631,262.2638,0.62
1776973315,raspberrypi,2.020202,0.7575758,0,2216.578,38.70406,273.1198,1.65
1776973318,k3s-control,41.8604697,19.3798399,4.651163,945.9688,1164.2606,295.4637,8.85
1776973318,k3s-worker-2,95,4.5,0,630.5586,70.59165,299.5311,0.92
1776973318,k3s-worker-3,6.666667,2.564103,0,1085.1328,46.87104,268.1611,0.06
1776973318,k3s-worker-4,10.1010102,5.0505051,0,944.0117,45.60573,266.6031,0.62
1776973318,raspberrypi,2.015113,1.0075567,0,2218.766,38.31601,281.3478,1.6340115
1776973321,k3s-control,73.5294122,11.7647064,2.9411761,966.3711,1123.5297,222.4749,8.85
1776973321,k3s-worker-2,96.0199006,3.482587,0,630.3125,42.40155,277.2557,0.92
1776973321,k3s-worker-3,6.0913712,3.0456851,0,1085.1328,31.56796,249.016,0.06
1776973321,k3s-worker-4,12,4,0,947.9414,36.10899,253.0241,0.57
1776973321,raspberrypi,3.007519,0.7518797,0,2220.188,29.15078,263.5534,1.51
1776973325,k3s-control,68.3673477,16.3265304,0,945.957,1115.6868,233.517,9.02
1776973325,k3s-worker-2,96,4,0,628.3438,55.60273,281.8324,1.09
1776973325,k3s-worker-3,6.1224492,4.5918372,0,1088.2578,41.36464,260.2381,0.05
1776973325,k3s-worker-4,6.060606,3.030303,0,947.6992,39.96695,249.8127,0.57
1776973325,raspberrypi,2.512563,0.7537688,0,2222.188,33.89867,266.0994,1.47
1776973328,k3s-control,71.8446601,20.38835,0,923.1484,1131.5479,257.0295,8.38
1776973328,k3s-worker-2,96,4,0,627.8789,57.46536,283.0313,1.09
1776973328,k3s-worker-3,7.5376877,4.5226128,0,1086.4648,60.32779,273.4525,0.05
1776973328,k3s-worker-4,12.1827408,4.0609139,0,947.2188,35.23639,250.9305,0.61
1776973328,raspberrypi,2.261307,1.0050251,0,2223.156,33.9852,281.2129,1.47
1776973331,k3s-control,81.3725497,11.764706,2.941176,958.2578,1099.7194,223.7144,8.38
1776973331,k3s-worker-2,96.9849248,3.0150752,0,627.8789,35.9428,263.6862,1.24
1776973331,k3s-worker-3,5.5837563,2.5380711,1.0152284,1086.4648,35.99213,258.229,0.05
1776973331,k3s-worker-4,6.5989847,3.5532989,0,946.7539,44.82509,253.6813,0.61
1776973331,raspberrypi,2.261307,1.0050251,0,2224.406,32.39687,263.6266,1.43
1776973334,k3s-control,32.4468098,11.7021279,8.5106379,967.4805,1185.225,282.1533,8.51
1776973334,k3s-worker-2,95.5,4,0,627.8789,56.72474,283.9857,1.24
1776973334,k3s-worker-3,5.0505051,2.525253,0,1086.4648,39.42176,258.5217,0.05
1776973334,k3s-worker-4,9.6446697,3.0456849,0.5076142,946.7539,37.13823,253.8993,0.56
1776973334,raspberrypi,2.261307,1.758794,0,2224.656,96.53616,292.228,1.43
1776973337,k3s-control,68.6868673,27.2727289,0,942.0859,1170.41,256.6069,8.51
1776973337,k3s-worker-2,93.0348259,6.4676617,0,623.9414,66.74079,301.8654,1.7
1776973337,k3s-worker-3,6.6326529,2.55102,0.5102041,1085.2344,47.55697,266.934,0.05
1776973337,k3s-worker-4,8.1218272,4.0609141,0,946.7539,38.6098,259.8897,0.95
1776973337,raspberrypi,3.2994919,1.77665,0,2204.141,44.18484,286.6229,1.32
1776973340,k3s-control,65.0943393,15.0943398,2.830189,953.2773,1176.3854,282.5395,8.1
1776973340,k3s-worker-2,96.4824119,3.5175881,0,628.0195,66.88147,297.8329,2.12
1776973340,k3s-worker-3,4.568528,2.538071,0,1084.0312,33.70922,255.9497,0.04
1776973340,k3s-worker-4,14.0703515,5.0251258,0,942.5977,85.35011,1658.8723,0.95
1776973340,raspberrypi,2.2613071,0.7537688,0,2206.188,31.26956,262.7377,1.32
1776973344,k3s-control,79.2079208,13.8613861,1.980198,946.4492,1117.8772,220.2346,8.1
1776973344,k3s-worker-2,96.4824119,3.5175881,0,627.5273,44.81612,280.4474,2.12
1776973344,k3s-worker-3,6.0606059,3.535354,0,1084.0312,47.0091,277.1976,0.04
1776973344,k3s-worker-4,6.5989848,4.0609139,0.5076142,942.5977,43.51034,264.8304,0.9421205
1776973344,raspberrypi,2.5062661,0.7518797,0,2212.453,34.84169,267.8427,1.21
1776973347,k3s-control,78.431373,18.6274507,0,933.1211,1084.961,198.6027,8.33
1776973347,k3s-worker-2,96.5174125,2.9850751,0,631.5039,44.91095,280.1474,2.2
1776973347,k3s-worker-3,6.1224491,2.55102,0,1089.1641,35.34607,256.0194,0.04
1776973347,k3s-worker-4,8.0808082,4.0404041,0,942.3516,39.72565,255.6074,0.88
1776973347,raspberrypi,1.763224,1.2594458,0,2216.281,36.09236,284.0304,1.03
1776973350,k3s-control,38.0368113,12.2699394,0.6134969,971.5547,1118.1376,224.7363,8.14
1776973350,k3s-worker-2,96,3.5,0,630.5469,52.31758,272.6761,2.2
1776973350,k3s-worker-3,6.1224493,2.0408161,0,1092.4102,36.16842,248.9831,0.03
1776973350,k3s-worker-4,11.1111111,6.0606061,0,947.5625,42.60729,261.9096,0.81
1776973350,raspberrypi,2.020202,0.7575758,0,2217.172,28.3778,270.6215,1.03
1776973354,k3s-control,88.2352932,9.8039224,0,975.0938,1158.8347,403.173,8.14
1776973354,k3s-worker-2,11.1111114,5.0505052,0,662.6914,224.9393,1781.047,2.42
1776973354,k3s-worker-3,5.6122453,2.5510201,0,1091.0039,57.32176,259.1861,0.03
1776973354,k3s-worker-4,8.6294418,7.1065988,2.030457,946.8516,66.31417,248.6298,0.81
1776973354,raspberrypi,3.282828,1.5151515,0,2215.609,69.8148,275.0807,0.94
1776973358,k3s-control,50.8620685,15.5172405,18.9655194,957.8633,1130.1307,261.6314,7.73
1776973358,k3s-worker-2,7.6142133,3.0456851,0.5076142,666.0898,102.87412,331.7257,2.42
1776973358,k3s-worker-3,7.6142134,3.5532992,3.5532992,1087.75,43.5344,265.0675,0.03
1776973358,k3s-worker-4,8.5858588,2.5252529,0,946.8516,41.27364,271.8515,0.74
1776973358,raspberrypi,2.4937659,1.4962593,0,2217.797,37.051,277.71,0.94
1776973361,k3s-control,57.5757583,29.2929291,0,944.4453,1198.0934,408.1153,7.73
1776973361,k3s-worker-2,22.2797901,24.3523301,0.5181347,97.14844,115.10813,326.1371,2.23
1776973361,k3s-worker-3,5.5837559,3.045685,0,1087.5039,42.43225,254.4156,0.03
1776973361,k3s-worker-4,6,2.5,0,946.8516,42.01567,259.2803,0.68
1776973361,raspberrypi,2.2613071,0.7537688,0,2214.016,32.63522,249.1335,0.87
1776973364,k3s-control,39.597315,18.1208077,0.6711408,969.5273,1202.3146,352.1196,7.67
1776973364,k3s-worker-2,9.090909,4.040404,6.060606,870.3516,59.8037,259.526,2.21
1776973364,k3s-worker-3,18.7500001,14.5833331,44.2708302,1056.3008,26109.28,419.5431,0.03
1776973364,k3s-worker-4,6.060606,3.535354,0,947.8203,50.15241,249.6576,0.68
1776973364,raspberrypi,2.25,1.25,0,2212.859,41.1102,265.7418,0.8
1776973368,k3s-control,54.3103411,17.2413803,18.1034504,978.8398,1140.3262,252.2873,7.54
1776973368,k3s-worker-2,6.060606,2.525253,0,870.4062,50.4488,272.6052,2.21
1776973368,k3s-worker-3,12.9411755,27.647059,54.1176481,982.6055,46.92706,281.4345,0.11
1776973368,k3s-worker-4,9.0909086,4.5454548,0,944.4023,36.42842,253.294,0.63
1776973368,raspberrypi,2.756892,1.0025063,0,2208.188,36.35549,288.1584,0.8
1776973372,k3s-control,43.0894311,24.3902406,7.3170732,954.7422,1113.3163,220.9764,7.54
1776973372,k3s-worker-2,6.5326631,3.0150751,0,871.0039,35.26241,252.4117,2.029
1776973372,k3s-worker-3,11.0465114,29.0697685,54.0697673,982.6055,36.97866,271.6796,0.71
1776973372,k3s-worker-4,7.537688,6.030151,9.045226,931.6055,83.42672,297.6526,0.58
1776973372,raspberrypi,2.7568921,1.2531329,0,2210.328,31.53003,261.0444,0.81
1776973375,k3s-control,53.0769214,15.3846154,1.5384615,972.0664,1295.8337,776.2477,9.5
1776973375,k3s-worker-2,24.7474724,21.212122,0,867.5586,34.21409,262.2221,1.87
1776973375,k3s-worker-3,15.5172411,28.1609201,50.0000002,957.3633,286.8198,337.7325,0.71
1776973375,k3s-worker-4,6.6326528,2.5510199,0,931.3867,36.47934,256.2976,0.58
1776973375,raspberrypi,2.267003,1.2594458,0,2213.344,42.05804,297.5151,0.91
1776973379,k3s-control,66.9902907,28.1553403,0,907.6211,1217.7817,223.4981,9.59
1776973379,k3s-worker-2,6.060606,3.535354,0,867.3398,43.62865,257.4046,1.87
1776973379,k3s-worker-3,10.4938273,38.8888912,29.6296309,957.3633,42.18265,274.6586,0.82
1776973379,k3s-worker-4,54.8223371,17.2588791,0,885.2188,96.17101,322.8406,0.53
1776973379,raspberrypi,2.01005,1.2562814,0,2214.016,33.33665,276.8323,1.08
1776973383,k3s-control,59.0909112,32.7272707,0,955.4961,1156.6649,229.9166,9.59
1776973383,k3s-worker-2,44.6700487,19.2893394,7.6142128,880.9336,81.72171,317.7403,1.72
1776973383,k3s-worker-3,40.7216505,42.2680405,12.3711341,892.1602,145.23129,358.2145,0.82
1776973383,k3s-worker-4,54.7738669,3.5175878,0,698.3984,40.42398,273.7465,0.9
1776973383,raspberrypi,2.5062659,1.0025063,0,2214.5,38.23861,275.5137,1.08
1776973387,k3s-control,61.3861394,13.8613859,6.9306929,1047.8086,1153.2811,207.2501,9.15
1776973387,k3s-worker-2,45.4545484,13.6363635,9.0909087,620.332,37.99931,266.2967,1.9
1776973387,k3s-worker-3,28.0000008,35.428571,27.4285708,805.1445,38.77857,292.733,2.029
1776973387,k3s-worker-4,6.1224491,2.55102,2.040816,716.3711,38.10393,250.2867,0.9
1776973387,raspberrypi,1.7587941,0.5025126,0,2216.344,30.91328,263.3183,1.07
1776973390,k3s-control,52.4193538,13.709678,10.4838718,999.7031,1140.0864,235.4956,8.73
1776973390,k3s-worker-2,41.3793092,6.8965519,0,621.0664,54.00741,287.8549,2.47
1776973390,k3s-worker-3,23.728812,36.7231631,29.3785325,594.7344,45.76116,280.573,2.59
1776973390,k3s-worker-4,8.6734692,3.5714291,0,728.4102,36.98968,254.8566,0.91
1776973390,raspberrypi,2.255639,0.7518797,0,2217.406,32.42027,264.2777,1.07
1776973394,k3s-control,72.2772286,19.8019796,0,903.3633,1139.6177,226.2284,8.73
1776973394,k3s-worker-2,47.7611927,7.4626874,0,640.8945,25.75021,223.6902,2.47
1776973394,k3s-worker-3,52.3560219,30.3664911,10.9947644,413.3906,43.14258,282.714,2.59
1776973394,k3s-worker-4,7.1065987,2.5380709,0,735.4336,61.97105,272.0378,0.83
1776973394,raspberrypi,2.2613071,0.7537688,0,2220.5,30.85596,266.9023,1.15
1776973397,k3s-control,79.411763,17.6470607,0,900.3789,1153.3588,191.351,8.029
1776973397,k3s-worker-2,8.1218269,4.060914,0,679.8984,43.03705,345.6108,2.27
1776973397,k3s-worker-3,12.4260375,36.0946743,30.1775136,438.5586,38.60998,293.1438,2.78
1776973397,k3s-worker-4,5.1020409,2.040816,0,743.3359,43.30941,247.7931,0.83
1776973397,raspberrypi,2.5252529,1.010101,0,2211.641,44.10424,295.7483,1.2
1776973401,k3s-control,83.1683175,15.8415835,0,930.793,1061.1148,199.6253,8.029
1776973401,k3s-worker-2,7.1065991,3.5532991,0,686.832,41.53964,260.7929,2.09
1776973401,k3s-worker-3,11.2426032,37.2781074,31.3609478,460.2188,40.87077,274.2375,2.8
1776973401,k3s-worker-4,5.5837559,2.538071,0,743.1172,78.5502,1145.0263,0.77
1776973401,raspberrypi,2.015113,0.7556675,0,2213.578,34.72233,267.9908,1.2
1776973404,k3s-control,75.4901968,12.7450975,4.9019608,943.0117,1165.114,267.9474,7.47
1776973404,k3s-worker-2,9.1370555,6.0913707,1.0152283,686.832,34.68785,251.2814,2.09
1776973404,k3s-worker-3,17.4418613,30.8139522,45.9302334,460.3828,56.44987,1704.3,2.82
1776973404,k3s-worker-4,5.5837559,2.538071,0,743.1172,45.33073,257.3701,0.71
1776973404,raspberrypi,3,1.25,0,2216.562,28.33118,265.2951,1.1
1776973408,k3s-control,75,10,7,933.7383,1109.7534,224.9408,7.47
1776973408,k3s-worker-2,8.1218268,3.0456849,0,686.832,55.08431,268.2518,1.92
1776973408,k3s-worker-3,11.1111112,29.8245604,53.8011708,460.6289,61.49642,271.6285,2.82
1776973408,k3s-worker-4,6.6326529,3.061224,0,743.1172,39.94787,256.4197,0.65
1776973408,raspberrypi,1.7543861,1.5037595,0,2217.375,30.47208,259.2493,1.01
1776973413,k3s-control,83.6538471,10.5769226,0,940.332,1137.2975,225.9851,6.32
1776973413,k3s-worker-2,8.5858588,2.5252529,0,686.832,39.93193,250.1958,1.77
1776973413,k3s-worker-3,12.0481931,33.1325302,48.1927703,460.6562,39.62493,265.5968,2.83
1776973413,k3s-worker-4,6.0913709,2.5380709,0,757.9219,53.88075,257.7247,0.65
1776973413,raspberrypi,3.768844,0.7537688,0.2512563,2219.359,34.19805,265.6677,1.01
1776973416,k3s-control,34.4827578,18.6206888,0,940.8633,1133.1747,234.4114,6.06
1776973416,k3s-worker-2,7.5757579,3.030303,0,686.6133,63.77776,1306.5521,1.77
1776973416,k3s-worker-3,13.2183914,30.4597708,50.5747114,475.6953,43.78827,270.4827,2.85
1776973416,k3s-worker-4,5.5837559,2.538071,0,757.9219,42.07297,250.8296,0.65
1776973416,raspberrypi,2.0100501,1.0050251,0,2220.234,34.46699,263.8652,0.93
1776973418,k3s-control,30.2564094,9.7435898,0,952.5234,1128.8968,229.9129,6.06
1776973418,k3s-worker-2,11.2820511,6.6666671,59.4871806,686.1211,86.35557,313.7089,1.63
1776973418,k3s-worker-3,15.0602412,28.9156604,50.6024107,482.3789,43.76103,282.7281,2.85
1776973418,k3s-worker-4,7.0707068,3.5353539,0,757.7031,46.10527,263.625,0.6
1776973418,raspberrypi,3.2663321,1.0050251,0,2220.25,31.32404,269.116,0.93
1776973422,k3s-control,79.4117646,14.7058829,0,953.5234,1119.9101,215.5317,5.89
1776973422,k3s-worker-2,6.0913712,2.5380711,4.0609142,686.1211,38.09585,253.6937,1.63
1776973422,k3s-worker-3,10.0000007,28.235292,55.8823539,482.1602,45.43951,289.2514,2.78
1776973422,k3s-worker-4,5.0251262,3.5175881,0,757.457,41.881,253.5814,0.55
1776973422,raspberrypi,2.2556391,1.0025063,0,2220.281,61.25063,285.4341,0.86
1776973425,k3s-control,83.6538467,14.4230764,0,952.0117,1099.8259,201.2585,5.89
1776973425,k3s-worker-2,10.2564095,3.5897438,1.0256409,685.9023,36.54471,255.8619,1.5
1776973425,k3s-worker-3,11.1111112,30.9941504,52.6315807,482.1602,37.1471,263.5876,2.78
1776973425,k3s-worker-4,6.5656569,3.5353539,0,770.0352,40.42744,264.1063,0.55
1776973425,raspberrypi,1.763224,1.0075567,0,2220.828,32.86058,268.7528,0.79
1776973428,k3s-control,31.7460298,8.9947089,0,959.4648,1176.2775,286.4444,5.42
1776973428,k3s-worker-2,8.6294423,4.0609142,0,692.8359,63.48873,275.2892,1.5
1776973428,k3s-worker-3,6.1538461,2.051282,0,545.8203,147.94756,318.7509,2.72
1776973428,k3s-worker-4,13.3333325,9.7435896,0,777.2422,45.11049,250.7409,0.5
1776973428,raspberrypi,2.756892,1.0025063,0,2202.141,49.7278,273.4254,0.72
1776973432,k3s-control,57.5221197,19.4690299,4.424779,946.6406,1152.2129,583.4434,5.06
1776973432,k3s-worker-2,8.121827,2.538071,1.5228426,692.5898,110.92261,265.5449,1.46
1776973432,k3s-worker-3,6.060606,3.030303,0,547.8516,148.15764,270.4845,2.3
1776973432,k3s-worker-4,8.6294416,7.1065986,0,776.2578,77.76671,264.3937,0.43
1776973432,raspberrypi,3.2663319,3.2663319,0,2205.094,94.18205,285.4803,0.72
1776973436,k3s-control,69.6969707,21.2121202,3.030303,969.6406,1225.5289,386.5042,5.06
1776973436,k3s-worker-2,8.1218275,3.5532992,0.5076142,692.3711,54.48796,259.772,1.23
1776973436,k3s-worker-3,12.2448982,28.0612204,1.5306122,81.95703,73.13021,287.6091,2.3
1776973436,k3s-worker-4,6.0913712,3.5532991,1.5228426,775.793,65.7298,254.1022,0.43
1776973436,raspberrypi,3.5175881,1.758794,0,2207.547,57.49524,266.08,0.67
1776973439,k3s-control,35.1351365,20.9459479,2.7027027,971.0938,1109.3957,545.5297,4.82
1776973439,k3s-worker-2,6.598985,3.045685,0,692.3711,104.37713,262.9484,1.23
1776973439,k3s-worker-3,5.5555561,2.525253,0,771.3711,81.19951,283.9913,2.11
1776973439,k3s-worker-4,22.6130688,13.5678383,16.5829142,750.4727,4937.939,447.8897,0.39
1776973439,raspberrypi,2.7431421,2.493766,0,2208.047,54.67716,277.2131,0.67
1776973442,k3s-control,77.7777777,12.0370367,0.9259259,958.8711,1248.8564,284.4419,4.82
1776973442,k3s-worker-2,8.0808076,2.5252529,2.5252529,692.1523,35.42449,257.1604,1.13
1776973442,k3s-worker-3,7.1428569,3.061224,0,770.6328,55.74984,283.5619,1.94
1776973442,k3s-worker-4,20.707071,54.0404027,9.0909095,61.86719,395.0316,329.8208,0.52
1776973442,raspberrypi,3,1,0.25,2211.406,36.26697,277.0843,0.61
1776973445,k3s-control,58.7719276,25.438599,0,959.9297,1142.2821,232.2596,4.16
1776973445,k3s-worker-2,6.0301509,3.015075,1.0050251,692.1523,36.20972,253.4485,1.13
1776973445,k3s-worker-3,6.598985,2.538071,0.5076142,776.2031,39.26453,259.9283,1.94
1776973445,k3s-worker-4,44.2786067,15.9203968,0,82.33984,61.3572,309.0269,0.52
1776973445,raspberrypi,2.015113,0.7556675,0,2214.141,44.5542,269.2643,0.61
1776973449,k3s-control,38.9705891,17.6470596,0.7352941,956.8047,1138.8164,249.7428,3.82
1776973449,k3s-worker-2,6.565657,3.030303,0,692.1523,39.71242,256.5724,1.04
1776973449,k3s-worker-3,7.0351757,5.0251258,0,774.7891,50.78947,271.8786,1.79
1776973449,k3s-worker-4,38.8888904,23.2323202,0,742.4141,63.71979,258.7002,0.5690933
1776973449,raspberrypi,2.5,1.25,0,2217,46.2283,282.5146,0.72
1776973452,k3s-control,80.2083326,16.6666676,0,953.0625,1130.8199,203.3353,3.82
1776973452,k3s-worker-2,6.6326531,2.040816,0,692.1523,40.53097,257.8719,0.96
1776973452,k3s-worker-3,6.1224488,3.0612239,0,774.7891,44.66908,261.697,1.79
1776973452,k3s-worker-4,57.5757568,3.5353538,19.1919189,74.27344,48.39222,273.5914,0.96
1776973452,raspberrypi,2.5,0.75,0,2213.312,31.54396,268.2524,0.67
1776973455,k3s-control,59.090907,12.7272724,0,951.3008,1146.237,270.4117,3.814366
1776973455,k3s-worker-2,7.5757578,4.0404039,0,691.6875,42.82653,253.386,0.96
1776973455,k3s-worker-3,8.6294423,4.0609142,0,774.7891,43.70782,257.1722,1.64
1776973455,k3s-worker-4,55.7213887,2.9850749,0,74.02734,45.92161,272.0638,0.96
1776973455,raspberrypi,2.5,1.25,0,2214.656,38.94003,264.3848,0.67
1776973458,k3s-control,63.7795292,14.1732278,0,957.2539,1158.3044,2096.74,3.76
1776973458,k3s-worker-2,6.0913707,3.5532989,0,710.4883,55.65538,266.5925,0.88
1776973458,k3s-worker-3,6.5989853,2.5380711,0,775.2812,34.28186,254.2182,1.51
1776973458,k3s-worker-4,35.3535354,26.2626266,0,88.17578,38.36991,265.9534,0.96
1776973458,raspberrypi,3.7688441,1.758794,0,2208.531,32.65061,276.1745,0.61
1776973461,k3s-control,34.0659324,10.9890118,0.5494505,961.1914,1163.6354,262.9076,3.7
1776973461,k3s-worker-2,5.5555561,2.020202,0,710.2422,43.22962,252.7201,0.81
1776973461,k3s-worker-3,6.6326528,2.5510199,0,775.7734,37.77233,260.8809,1.51
1776973461,k3s-worker-4,40.9090896,18.1818198,0,1107.0312,77.37326,1203.9435,1.05
1776973461,raspberrypi,2.0100501,1.0050251,0,2211.016,28.93418,258.7292,0.61
1776973464,k3s-control,66.6666659,30.3921581,0,943.4336,1173.1501,234.0632,3.7
1776973464,k3s-worker-2,6.5989847,3.5532989,0,710.2422,46.81881,268.2624,0.81
1776973464,k3s-worker-3,6.0913708,2.5380709,2.0304569,776.3906,57.92465,1640.5895,1.39
1776973464,k3s-worker-4,48.9898998,10.1010099,0,999.4883,49.14645,271.2085,1.05
1776973464,raspberrypi,2.267003,1.0075567,0,2215.266,28.84896,263.4375,0.56
1776973468,k3s-control,63.9639633,13.5135147,0,944.1289,1158.6958,226.6361,3.4
1776973468,k3s-worker-2,6.565657,2.525253,0,712.4492,48.17975,267.416,0.75
1776973468,k3s-worker-3,5.5555561,2.525253,0,776.1445,36.76303,262.2332,1.39
1776973468,k3s-worker-4,22.8426394,37.055839,0,140.86719,41.027,271.7748,1.04
1776973468,raspberrypi,2.015113,1.2594458,0,2216.297,64.48329,292.5195,0.578272
1776973471,k3s-control,75.9615392,15.3846148,0,932.5859,1151.9781,236.1591,3.13
1776973471,k3s-worker-2,6.5989853,2.5380711,0,709.7578,41.75239,263.6734,0.75
1776973471,k3s-worker-3,7.6530609,2.55102,0,776.1445,48.89107,256.8616,1.28
1776973471,k3s-worker-4,49.7487404,8.5427141,0,1051.9062,49.58756,285.697,1.04
1776973471,raspberrypi,2.756892,1.0025063,0,2217.844,24.52542,257.2059,0.72
1776973474,k3s-control,50.000003,12.1428577,17.8571411,948.1445,1152.3979,235.0213,3.13
1776973474,k3s-worker-2,11.6161622,4.5454551,1.5151515,709.5117,62.94632,1320.6206,0.69
1776973474,k3s-worker-3,6.6326529,3.5714289,0,778.3828,41.62688,261.2797,1.18
1776973474,k3s-worker-4,56.5656586,2.0202019,0,91.15234,36.83454,273.0881,1.04
1776973474,raspberrypi,2.015113,1.0075567,0,2217.656,33.91718,277.6827,0.66
1776973478,k3s-control,28.3333316,16.1111119,2.2222221,943.8984,1166.3934,269.7263,2.96
1776973478,k3s-worker-2,5.5555561,2.020202,0,709.5117,54.32191,262.7252,0.69
1776973478,k3s-worker-3,7.142857,4.081633,0,793.3945,33.68938,247.3395,1.18
1776973478,k3s-worker-4,39,18.5,0,126.5625,37.05852,274.7871,1.04
1776973478,raspberrypi,2.5062661,0.7518797,0,2218.422,33.56748,278.9238,0.66
1776973481,k3s-control,54.67626,11.510791,0,943.7695,1127.868,222.2981,2.72
1776973481,k3s-worker-2,6.6326528,2.0408159,0,709.293,37.88172,263.1698,0.63
1776973481,k3s-worker-3,7.1428571,1.5306122,0,793.1602,37.3011,256.6446,1.08
1776973481,k3s-worker-4,36.3636398,23.7373699,0,453.8398,58.90643,283.8123,1.04
1776973481,raspberrypi,1.763224,1.0075567,0,2219.609,32.84071,264.2324,0.61
1776973484,k3s-control,81.8181816,16.1616163,0,936.2188,1135.2474,250.2015,2.72
1776973484,k3s-worker-2,6.0913712,3.0456851,0,709.293,47.76834,262.2311,0.63
1776973484,k3s-worker-3,6.0606061,2.020202,0,800.3828,42.82111,258.0829,1.08
1776973484,k3s-worker-4,33.83838,25.75758,0,456.1836,41.57054,273.706,1.03
1776973484,raspberrypi,2.5,1,0,2220.5,38.99704,272.2239,0.56
1776973487,k3s-control,77.6699016,16.5048543,0,937.1016,1090.4426,202.7565,2.58
1776973487,k3s-worker-2,9.137056,4.060914,0,709.293,35.31615,252.3553,0.53
1776973487,k3s-worker-3,6.091371,3.045685,0,799.1953,37.81183,264.2989,1
1776973487,k3s-worker-4,47.8260867,7.2463765,0,76.42578,22.36993,262.5696,1.03
1776973487,raspberrypi,3.7783379,1.763224,0,2213.578,35.18424,274.1839,0.56
1776973490,k3s-control,40.8805011,10.6918243,0.6289308,967.9531,1122.4785,313.7747,2.58
1776973490,k3s-worker-2,6.0913709,2.5380709,0,709.0469,57.24947,264.5726,0.53
1776973490,k3s-worker-3,6.0913712,3.0456851,0,798.7031,41.68879,259.6425,0.92
1776973490,k3s-worker-4,53.7313405,11.9402991,34.3283603,76.76953,28.65583,347.4459,0.95
1776973490,raspberrypi,2.2613069,1.2562813,0,2214.844,29.19452,258.5353,0.51
1776973496,k3s-control,52,46,0,775.0195,1137.158,162.14892,2.37
1776973496,k3s-worker-2,6.0913712,3.0456851,0,718.0391,42.86252,257.7556,0.49
1776973496,k3s-worker-3,6.598985,3.045685,0,798.457,33.84179,250.0312,0.84
1776973496,k3s-worker-4,38.0952396,5.9523809,55.9523794,65.63281,30.91035,183.8777,1.12
1776973496,raspberrypi,2.0100501,1.0050251,0,2215.766,22.90612,276.3609,0.43
1776973503,k3s-control,48.5714315,44.7619013,0,349.0234,1032.0631,170.5937,2.91
1776973503,k3s-worker-2,7.070707,3.030303,0,717.0664,39.80849,268.6903,0.41
1776973503,k3s-worker-3,5.5837562,2.5380711,0,792.3047,33.49482,264.6761,0.77
1776973503,k3s-worker-4,39.3258398,5.617978,3.370787,70.5625,22.56812,261.3015,1.19
1776973503,raspberrypi,2.01005,1.0050251,0.2512563,2217.781,24.2835,278.7124,0.4
1776973509,k3s-control,63.3663349,34.6534672,0,119.67578,1070.9177,179.1687,6.58
1776973509,k3s-worker-2,7.6530614,3.0612242,0,716.6016,41.66638,261.8759,0.38
1776973509,k3s-worker-3,5.5837562,2.5380711,0,796.2656,33.03793,253.3498,0.65
1776973509,k3s-worker-4,39.7727306,7.9545451,0,70.5625,25.08898,207.7459,1.41
1776973509,raspberrypi,2.015113,1.2594458,0,2220.578,32.94432,269.2799,0.37
1776973513,k3s-control,21.71053,10.526316,33.5526299,1312.6016,1125.7976,196.3585,6.58
1776973513,k3s-worker-2,6.0301509,3.015075,0,716.6016,31.87534,245.3544,0.38
1776973513,k3s-worker-3,5.0761422,3.0456851,0,796.2656,41.76415,258.4198,0.65
1776973513,k3s-worker-4,43.3333308,5.5555561,0,70.5625,49.56049,262.7835,1.41
1776973513,raspberrypi,2.75,1,0,2222.281,32.28222,258.3416,0.37
1776973516,k3s-control,71.304349,13.9130428,11.3043478,1330.9297,1154.3778,263.3882,6.13
1776973516,k3s-worker-2,9.0909088,2.5252529,0,716.3555,34.51629,255.6416,0.35
1776973516,k3s-worker-3,5.5837562,2.5380711,0,795.7734,34.63849,250.4472,0.6
1776973516,k3s-worker-4,39.7727278,6.8181816,0,70.31641,26.54918,321.951,1.38
1776973516,raspberrypi,2.020202,1.2626263,0,2220.906,41.59974,269.0822,0.34
1776973519,k3s-control,44.5255478,14.5985393,18.9780991,1338.9414,1200.8898,2330.685,6.13
1776973519,k3s-worker-2,7.5757578,3.5353539,0,714.1406,42.01841,259.9071,0.3462482
1776973519,k3s-worker-3,5.1282052,2.0512821,0,795.7734,42.43736,265.6748,0.5939487
1776973519,k3s-worker-4,47.1428579,9.9999996,2.8571429,72.04688,32.12312,200.9368,1.38
1776973519,raspberrypi,2.0050131,1.2531329,0,2209.375,36.74533,275.7605,0.34
1776973523,k3s-control,56.0747666,20.5607488,5.6074767,1342.8047,1089.7104,208.3764,5.88
1776973523,k3s-worker-2,6.0913712,3.0456851,0,713.9219,36.44876,255.7272,0.32
1776973523,k3s-worker-3,7.1428572,2.5510201,0,795.2812,43.51084,258.1077,0.55
1776973523,k3s-worker-4,43.6781596,4.597701,0,70.82812,119.9531,1549.5773,1.27
1776973523,raspberrypi,3.2418949,1.4962593,0,2213.75,31.14899,275.8591,0.31
1776973525,k3s-control,86.2745097,11.764706,0,1341.2656,1111.8644,200.6918,5.88
1776973525,k3s-worker-2,8.7179487,5.1282048,0,717.3945,51.34009,267.6495,0.27
1776973525,k3s-worker-3,8.1218267,2.0304569,0,795.0352,42.51112,1283.9454,0.51
1776973525,k3s-worker-4,54.2857145,8.5714297,0,70.11719,207.2933,242.3178,1.17
1776973525,raspberrypi,2.255639,1.2531328,0,2216.516,32.12796,264.4596,0.31
1776973528,k3s-control,57.8947371,12.2807014,0,1335.6211,1113.426,232.4212,5.41
1776973528,k3s-worker-2,6.091371,3.045685,0,717.1758,44.43039,262.7096,0.27
1776973528,k3s-worker-3,6.5989853,2.5380711,0,795.0352,46.92133,251.9394,0.51
1776973528,k3s-worker-4,30.7692288,3.8461538,0,70.11719,25.92199,326.2984,1.17
1776973528,raspberrypi,2.512563,0.7537688,0,2218.562,40.41506,273.8393,0.28
1776973532,k3s-control,80.3921582,18.6274496,0,1315.2578,1103.432,207.4564,4.98
1776973532,k3s-worker-2,6.1538461,2.564103,0,717.1758,34.01025,252.6752,0.25
1776973532,k3s-worker-3,5.555556,3.535354,0,795.0352,37.42124,249.2112,0.47
1776973532,k3s-worker-4,8.0213897,5.3475938,37.4331587,1250.6602,58.83381,303.956,1.07
1776973532,raspberrypi,2.518892,0.2518892,0,2219.609,27.77135,273.4141,0.26
1776973535,k3s-control,84.4660192,11.6504849,0,1325.5078,1168.4076,423.0095,4.98
1776973535,k3s-worker-2,8.6294416,2.5380709,2.0304569,717.1758,60.04642,698.1142,0.25
1776973535,k3s-worker-3,7.6142132,3.0456851,0,803.293,52.79191,253.424,0.43
1776973535,k3s-worker-4,12.0567385,10.6382984,39.7163116,1255.0312,197.2418,402.1452,1.07
1776973535,raspberrypi,2.7707811,1.7632241,0,2213.859,54.93589,277.873,0.24
1776973539,k3s-control,85.1485143,9.9009905,0,1294.5117,1194.229,234.7394,4.66
1776973539,k3s-worker-2,9.1370565,3.5532992,0,726.3711,52.18529,268.997,0.23
1776973539,k3s-worker-3,8.0402013,2.5125631,0,802.7695,37.08538,262.0342,0.43
1776973539,k3s-worker-4,5.6122453,2.5510201,0,1255.543,168.3414,289.1828,1.15
1776973539,raspberrypi,2.525253,2.272727,0,2214.266,85.6139,285.6291,0.24
1776973542,k3s-control,33.3333299,9.836066,2.73224,1318.9141,1140.8594,392.423,4.66
1776973542,k3s-worker-2,7.070707,3.030303,0.5050505,725.6328,39.46091,249.8434,0.23
1776973542,k3s-worker-3,5.5837559,3.045685,0,805.2344,34.56547,252.3827,0.4
1776973542,k3s-worker-4,7.106599,4.060914,1.5228426,1254.5859,35.38381,261.3018,0.97
1776973542,raspberrypi,2.015113,1.0075567,0,2216.969,46.18751,275.2323,0.22
1776973545,k3s-control,52,22.4,11.2,1316.4023,1160.8831,393.5784,4.29
1776973545,k3s-worker-2,7.106599,2.538071,0,725.1406,64.21876,258.5875,0.21
1776973545,k3s-worker-3,8.6734692,5.6122451,0.5102041,804.7695,53.86492,248.4125,0.4
1776973545,k3s-worker-4,7.5757583,7.0707073,0,1254.3711,40.58811,246.8219,0.97
1776973545,raspberrypi,4.260652,1.5037594,0.2506266,2146.375,16458.6,552.2597,0.2
1776973549,k3s-control,67.2727288,20.9090896,0,1301.0078,1203.0813,224.2531,3.85
1776973549,k3s-worker-2,6.5989853,2.5380711,0,724.5586,50.32373,270.2809,0.27
1776973549,k3s-worker-3,5.1020412,2.0408161,0,804.7695,36.60781,249.1066,0.33
1776973549,k3s-worker-4,6.0606059,2.525253,2.020202,1253.0039,40.17256,257.9496,0.89
1776973549,raspberrypi,52.5125593,1.0050251,0,1627.1562,295.11,339.8939,0.2
1776973553,k3s-control,52.9850705,16.4179102,9.7014931,1300.2266,1121.0692,198.1842,3.85
1776973553,k3s-worker-2,7.6530608,3.0612239,3.0612239,729.7109,54.62823,280.1675,0.27
1776973553,k3s-worker-3,8.1218273,3.5532991,0,804.7695,43.13314,271.8707,0.31
1776973553,k3s-worker-4,7.7319587,3.6082469,10.3092776,1250.0781,41.64752,266.39,0.89
1776973553,raspberrypi,45.4545486,8.3333328,0,1742.984,37.02965,294.2763,0.51
1776973556,k3s-control,74.2857115,18.0952404,0,1316.4219,1096.3445,230.4926,3.63
1776973556,k3s-worker-2,6.666667,2.564103,0,726.9961,35.0175,261.6272,0.41
1776973556,k3s-worker-3,5.5837561,1.5228426,0,804.5508,34.14543,261.0203,0.31
1776973556,k3s-worker-4,5.5837563,2.5380711,0.5076142,1248.1094,35.75194,256.3726,0.82
1776973556,raspberrypi,49.624059,3.5087719,0,1637.6562,31.81276,272.2625,0.51
1776973559,k3s-control,80,11,0,1294.9414,1132.5532,270.8655,3.63
1776973559,k3s-worker-2,9.6446705,3.0456852,0,726.9961,43.78609,263.2933,0.4162557
1776973559,k3s-worker-3,5.0761418,2.5380709,0,803.3203,42.59459,265.1952,0.28
1776973559,k3s-worker-4,9.6446703,4.5685282,0,1246.1445,45.58479,259.4197,0.75
1776973559,raspberrypi,49.122811,3.7593981,0,1562.2344,40.6972,285.8257,0.63
1776973563,k3s-control,75.7575762,19.191919,0,1314.9453,1098.6148,229.782,3.33
1776973563,k3s-worker-2,9.1370559,3.045685,0,726.75,39.46593,251.976,0.46
1776973563,k3s-worker-3,5.5837562,2.5380711,0,801.1055,39.71253,254.2132,0.26
1776973563,k3s-worker-4,6.1224493,3.0612241,0.5102041,1247.3594,40.0941,263.9163,0.75
1776973563,raspberrypi,49.6240622,3.0075191,0,1648.5156,32.49076,275.39,0.6539654
1776973566,k3s-control,74.257427,14.8514844,0,1319.1094,1089.8007,210.9753,3.33
1776973566,k3s-worker-2,7.1065987,2.5380709,0,725.793,39.78113,245.0331,0.5
1776973566,k3s-worker-3,5.6122452,1.5306122,0,797.4414,34.41367,255.6994,0.26
1776973566,k3s-worker-4,6.6326528,3.0612239,1.5306121,1247.125,45.37333,261.9133,0.69
1776973566,raspberrypi,53.7878816,2.2727271,0,1643.3594,46.80822,285.7456,0.84
1776973569,k3s-control,34.23913,10.326087,20.65217,1309.7109,1193.5038,269.6424,3.15
1776973569,k3s-worker-2,6.0606059,3.535354,1.010101,725.5469,48.75326,281.2836,0.5
1776973569,k3s-worker-3,6.1538461,2.564103,0,796.2109,63.27093,283.026,0.24
1776973569,k3s-worker-4,8.5858587,3.5353539,0,1246.9062,34.80914,266.7997,0.69
1776973569,raspberrypi,52.896726,0.7556674,0,1648.4062,33.88042,276.8909,0.93
1776973573,k3s-control,79.79798,16.161616,0,1290.8359,1086.9389,213.6778,2.98
1776973573,k3s-worker-2,6.565657,3.030303,0,725.3281,37.80731,255.9922,0.58
1776973573,k3s-worker-3,6.598985,2.538071,0,795.9648,37.97643,253.2242,0.22
1776973573,k3s-worker-4,6.1224488,2.5510199,0.5102041,1246.9062,23.7482,255.1265,0.64
1776973573,raspberrypi,53.6523923,1.2594459,0,1653.2656,43.66924,280.6855,1.02
1776973577,k3s-control,61.6071412,15.1785713,0,1291.0938,1102.6064,232.8023,2.98
1776973577,k3s-worker-2,6.091371,3.045685,0,725.082,35.96974,256.2639,0.61
1776973577,k3s-worker-3,5.5837559,3.045685,0,795.7461,36.87674,249.2403,0.22
1776973577,k3s-worker-4,6.1224493,2.0408161,0,1250.5352,26.46672,252.262,0.67
1776973577,raspberrypi,53.132832,0.7518797,0,1971.156,30.86409,289.4304,1.02
1776973580,k3s-control,63.7096786,14.5161287,0,1303.4258,1128.9757,1119.089,2.9
1776973580,k3s-worker-2,6.5326631,2.512563,0,724.9453,50.81763,265.8145,0.61
1776973580,k3s-worker-3,5.0761421,2.0304571,0.5076142,795.7461,35.22422,254.2637,0.2
1776973580,k3s-worker-4,12.1212125,4.0404042,8.5858593,1251.8359,69.71757,1683.25,0.67
1776973580,raspberrypi,51.1278203,1.5037594,0,1648.4375,37.91422,279.3206,1.18
1776973584,k3s-control,59.8130828,16.8224308,4.6728972,1296.5703,1097.7915,197.4165,2.66
1776973584,k3s-worker-2,7.1428573,3.5714291,0,724.6992,38.71633,260.3964,0.65
1776973584,k3s-worker-3,8.6734694,2.0408161,0,795.7461,41.06049,275.4991,0.2
1776973584,k3s-worker-4,6.0913712,3.0456851,0,1251.5898,45.00394,270.5334,0.69
1776973584,raspberrypi,52.3809519,1.0025063,0,1648.9688,41.54283,287.5325,1.72
1776973587,k3s-control,50.8196728,14.7540988,0,1291.5117,1119.6282,229.471,2.66
1776973587,k3s-worker-2,6.6326532,3.0612241,0,723.8047,43.421,260.0553,0.67
1776973587,k3s-worker-3,5.555556,3.030303,0,795.0352,42.64196,257.575,0.18
1776973587,k3s-worker-4,9.1836734,3.0612241,1.0204082,1250.8828,30.95168,264.916,0.69
1776973587,raspberrypi,51.6290702,0.7518797,0,1651.5625,35.41542,279.635,1.72
1776973590,k3s-control,81,16,0,1288.9609,1045.0117,192.3951,2.45
1776973590,k3s-worker-2,6.091371,3.045685,0,723.8047,37.62674,246.6854,0.67
1776973590,k3s-worker-3,6.0301508,2.0100499,0,795.0352,46.35806,253.4707,0.17
1776973590,k3s-worker-4,6.6666668,3.5897439,1.5384615,1245.9727,32.43066,255.2098,0.74
1776973590,raspberrypi,53.4351132,3.8167942,0,1795.672,31.00159,279.0646,1.75
1776973594,k3s-control,84.1584166,11.8811875,0.990099,1301.4062,1200.0854,206.5817,2.15
1776973594,k3s-worker-2,10.152284,4.568528,1.0152284,723.3398,73.93034,1310.8069,0.7
1776973594,k3s-worker-3,11.2244903,7.1428572,0,795.2188,69.37751,259.2474,0.16
1776973594,k3s-worker-4,7.6142128,6.5989848,3.0456849,1250.1367,70.97619,258.6248,0.76
1776973594,raspberrypi,4.5454551,2.0202021,0.5050505,2103.562,129.89442,321.1716,1.75
1776973598,k3s-control,47.7272725,13.6363647,9.8484855,1310.5938,1081.1749,193.4978,2.15
1776973598,k3s-worker-2,10.659898,3.553299,1.5228426,729.293,55.54222,265.4048,0.81
1776973598,k3s-worker-3,6.5656568,5.0505049,0,789.5977,79.79314,261.6844,0.16
1776973598,k3s-worker-4,10.0502508,6.5326629,1.0050251,1249.3984,70.38473,264.2812,0.76
1776973598,raspberrypi,2.7848101,2.5316461,0,2152.188,155.30901,299.6951,1.77
1776973601,k3s-control,82.3529416,14.7058823,0,1302.6172,1082.8036,200.8684,2.06
1776973601,k3s-worker-2,6.0606061,3.030303,0,728.5547,40.82093,252.6815,0.81
1776973601,k3s-worker-3,6.0913709,2.5380709,0,789.5977,34.96185,247.6173,0.14
1776973601,k3s-worker-4,5.555556,2.525253,0,1249.4297,40.29054,257.6688,0.78
1776973601,raspberrypi,2.518892,0.5037783,0,2183.672,46.39849,282.8131,1.62
1776973605,k3s-control,80.19802,10.891089,0.990099,1286.2148,1079.0485,222.1734,2.06
1776973605,k3s-worker-2,8.6734691,2.55102,0,727.8555,36.82381,253.0366,0.9
1776973605,k3s-worker-3,7.106599,2.538071,0,789.5977,40.85482,253.3031,0.14
1776973605,k3s-worker-4,7.1065991,3.0456851,0,1249.4297,40.63794,260.1769,0.8
1776973605,raspberrypi,3.037975,0.7594937,0,2194.141,32.88278,265.0998,1.62
1776973608,k3s-control,73.4513271,12.3893805,0,1285.8984,1076.2388,196.7295,1.9
1776973608,k3s-worker-2,6.0301511,3.015075,0,726.0352,41.10367,255.7441,1.07
1776973608,k3s-worker-3,8.1218268,3.0456849,0,789.5977,35.46004,250.9773,0.13
1776973608,k3s-worker-4,8.673469,5.102041,0,1250.4453,39.48142,254.1951,0.8
1776973608,raspberrypi,2.518892,2.267003,1.0075567,2195.672,34.87346,282.2128,1.74
1776973611,k3s-control,56.3909792,9.0225559,9.0225559,1294.4961,1071.2604,194.8099,1.74
1776973611,k3s-worker-2,7.070707,3.030303,0,725.7891,38.60327,252.8243,1.07
1776973611,k3s-worker-3,6.0913709,2.5380709,0,789.5977,38.21369,260.3232,0.11
1776973611,k3s-worker-4,8.5427139,3.015075,0,1249.0078,43.53653,257.2334,0.82
1776973611,raspberrypi,2.267003,1.2594458,0.2518892,2201.297,34.83049,274.3124,1.6
1776973615,k3s-control,41.916168,12.5748494,0,1297.7539,1129.7032,223.1938,1.74
1776973615,k3s-worker-2,9.1370556,4.5685278,0,724.8984,36.31973,259.9411,1.14
1776973615,k3s-worker-3,5.5837558,2.0304569,0,789.3789,36.89717,256.7418,0.11
1776973615,k3s-worker-4,6.565657,2.525253,0,1248.2695,35.26024,248.6267,0.91
1776973615,raspberrypi,2.2613069,1.2562813,0,2203.984,33.18411,266.7455,1.6
1776973618,k3s-control,76,10,0,1299.5078,1095.2633,216.5192,1.6
1776973618,k3s-worker-2,6.060606,3.030303,0,724.4375,45.91118,263.7369,1.14
1776973618,k3s-worker-3,6.030151,2.512563,0,789.3789,44.8303,261.3425,0.1
1776973618,k3s-worker-4,5.050505,3.535354,0,1248.0234,47.26262,270.7457,0.91
1776973618,raspberrypi,4.010025,1.754386,0,2207.297,40.70279,271.24,1.71
1776973621,k3s-control,77.2277223,12.8712874,3.9603961,1300.6797,1065.9789,214.1773,1.6
1776973621,k3s-worker-2,7.6142132,3.0456851,0,724.4375,41.88236,261.2024,1.28
1776973621,k3s-worker-3,6.0606061,3.030303,0,789.3789,41.77951,258.7507,0.1
1776973621,k3s-worker-4,5.555556,2.525253,1.010101,1246.0898,41.41179,262.145,1.08
1776973621,raspberrypi,1.75,1,0,2204.469,40.02353,284.5443,1.71
1776973625,k3s-control,51.9083961,12.2137391,0,1298.8555,1078.8343,187.7292,1.56
1776973625,k3s-worker-2,5.5276378,3.0150749,0,723.9453,34.0558,245.3161,1.28
1776973625,k3s-worker-3,8.5858587,4.0404039,0,792.0273,40.27146,266.7333,0.09
1776973625,k3s-worker-4,5.5555561,2.525253,0,1245.6133,49.51715,261.1928,1.08
1776973625,raspberrypi,3.2663321,1.0050251,0,2206.391,37.8594,277.8094,1.68
1776973628,k3s-control,78.3018867,15.0943394,2.8301889,1299.1055,1060.6657,193.7997,1.43
1776973628,k3s-worker-2,9.137056,4.060914,0,723.7266,43.99227,262.2218,1.33
1776973628,k3s-worker-3,7.0707069,4.040404,0,785.8789,44.21356,269.0375,0.09
1776973628,k3s-worker-4,6.0606059,3.535354,0,1245.3945,42.37863,261.1548,1.07
1776973628,raspberrypi,2.493766,1.745636,0,2208.312,35.34906,274.746,1.68
1776973631,k3s-control,75.757577,11.1111106,6.0606058,1304.5742,1018.6335,195.9671,1.43
1776973631,k3s-worker-2,8.2051279,2.564103,0,723.7266,39.8618,251.263,1.39
1776973631,k3s-worker-3,6.0913712,3.0456851,0,785.3867,42.90373,254.1961,0.09
1776973631,k3s-worker-4,6.0913709,2.5380709,0,1245.3945,47.82734,279.8374,1.15
1776973631,raspberrypi,2.0100501,0.7537688,0,2210.328,27.91276,271.3295,1.55
1776973635,k3s-control,63.478263,14.7826097,3.4782612,1282.1094,1109.7794,198.604,1.32
1776973635,k3s-worker-2,9.0909087,3.0303029,0,723.7266,40.62789,257.9904,1.39
1776973635,k3s-worker-3,5.6122452,3.0612241,1.0204082,784.1562,38.6146,273.2325,0.09
1776973635,k3s-worker-4,6.565657,2.525253,0,1245.1484,42.17897,253.7683,1.15
1776973635,raspberrypi,1.758794,1.758794,0,2212.469,36.36518,273.2768,1.58
1776973637,k3s-control,32.6315812,8.9473683,3.1578951,1287.8438,1089.1856,1320.2108,1.32
1776973637,k3s-worker-2,8.1218274,4.0609142,0,725.457,39.6512,266.2947,1.28
1776973637,k3s-worker-3,5.6122453,2.5510201,0,783.9375,34.74664,249.5243,0.08
1776973637,k3s-worker-4,6.0913709,2.5380709,0,1244.9023,41.76308,253.4242,1.15
1776973637,raspberrypi,3.0379751,1.2658228,0,2200,53.43319,279.923,1.58
1776973640,k3s-control,37.125751,11.9760483,14.3712574,1308.5938,1094.8939,195.7871,1.29
1776973640,k3s-worker-2,7.106599,2.538071,0,725.457,37.43575,250.0442,1.28
1776973640,k3s-worker-3,5.6122453,2.5510201,0,783.9375,39.22484,257.1834,0.08
1776973640,k3s-worker-4,9.0909092,5.0505051,2.5252531,1241.9766,85.11018,1682.949,1.51
1776973640,raspberrypi,2.5,0.75,0,2202.562,28.96121,263.4002,1.45
1776973644,k3s-control,79.2079232,16.8316807,0.990099,1319.3828,1080.1615,209.1294,1.27
1776973644,k3s-worker-2,6.060606,3.535354,0,724.9766,43.44928,259.1318,1.17
1776973644,k3s-worker-3,4.5685281,3.0456851,0,783.9375,41.24172,255.4042,0.07
1776973644,k3s-worker-4,6.5656569,3.5353539,0,1248.9648,58.96887,290.1523,1.55
1776973644,raspberrypi,2.518892,0.7556675,0,2206.312,38.47241,281.245,1.45
1776973646,k3s-control,70.2970314,17.8217804,0.990099,1297.0625,1104.24,198.5205,1.27
1776973646,k3s-worker-2,10.1522844,5.0761422,0,721.2852,39.74002,250.0917,1.17
1776973646,k3s-worker-3,5.0761421,2.5380711,0,783.9375,50.51029,1278.092,0.07
1776973646,k3s-worker-4,6.5989848,3.0456849,3.5532989,1247.7461,42.85315,255.8045,1.55
1776973646,raspberrypi,3.0379749,0.5063291,0,2209.625,35.7993,266.848,1.66
1776973649,k3s-control,53.3783798,14.1891889,0,1300.8594,1069.2107,240.7055,1.07
1776973649,k3s-worker-2,9.1370559,2.538071,0.5076142,721.2852,41.08485,267.7849,1.32
1776973649,k3s-worker-3,4.5918371,2.5510201,0,783.7188,50.83997,260.8561,0.07
1776973649,k3s-worker-4,6.6326529,3.061224,0,1247.7461,36.00354,250.2971,1.59
1776973649,raspberrypi,2.0100501,1.0050251,0,2210.531,35.70373,261.285,1.66
1776973652,k3s-control,55.5555592,8.7301589,0,1303.7656,1089.7912,215.4279,1.07
1776973652,k3s-worker-2,6.5989853,2.5380711,0,721.2852,40.20584,261.3293,1.32
1776973652,k3s-worker-3,7.6142128,3.5532989,0,783.7188,45.86669,257.7775,0.36
1776973652,k3s-worker-4,6.565657,3.030303,0,1242.5781,45.59939,262.9972,1.59
1776973652,raspberrypi,3.007519,1.2531328,0,2212.172,35.36525,273.6347,1.53
1776973655,k3s-control,73.4513281,13.2743357,0.8849558,1294.8125,1080.6811,175.3808,1.07
1776973655,k3s-worker-2,7.1065988,2.5380709,0.5076142,721.2852,48.4418,1482.9333,1.21
1776973655,k3s-worker-3,7.1065989,4.0609139,0,783.2266,38.46285,251.7998,0.36
1776973655,k3s-worker-4,6.1224493,2.5510201,2.0408161,1242.3594,41.55801,264.2235,1.54
1776973655,raspberrypi,2.0100501,1.0050251,0,2214.172,32.67461,264.0858,1.64
1776973658,k3s-control,33.7142869,12.5714279,6.8571424,1297.0742,1061.5806,194.6366,1.07
1776973658,k3s-worker-2,7.1065991,3.5532991,0,721.0664,56.87156,254.746,1.21
1776973658,k3s-worker-3,7.6923078,3.5897439,0,783.2266,33.25744,249.2907,0.41
1776973658,k3s-worker-4,8.6294423,3.0456851,0,1242.3594,39.4503,271.9288,1.54
1776973658,raspberrypi,2.525253,1.2626263,0,2215.969,56.65109,283.9163,1.64
1776973661,k3s-control,47.3684189,12.7819547,5.2631579,1299.7344,1114.5666,222.0785,1.14
1776973661,k3s-worker-2,6.5989853,2.5380711,0,721.0664,39.3654,250.3423,1.03
1776973661,k3s-worker-3,6.5989847,3.5532989,0,790.1602,44.17519,261.8787,0.41
1776973661,k3s-worker-4,6.0606061,2.020202,0,1242.3594,48.73473,262.2269,1.58
1776973661,raspberrypi,1.767677,0.7575758,0,2217.656,34.00435,268.7285,1.51
1776973664,k3s-control,58.0152679,15.2671755,0,1300.0391,1104.0554,239.1418,1.14
1776973664,k3s-worker-2,7.6923079,2.564103,0,721.0664,41.55843,264.9182,1.03
1776973664,k3s-worker-3,5.6122451,2.55102,0,790.1602,45.18373,273.129,0.4354155
1776973664,k3s-worker-4,5.6122453,2.5510201,0,1242.1133,33.06192,247.4326,1.58
1776973664,raspberrypi,3.7688439,0.7537688,0,2219.188,42.60093,277.7091,1.51
1776973667,k3s-control,55.1724108,12.4137932,0.6896552,1304.1133,1094.1556,237.8963,1.05
1776973667,k3s-worker-2,6.6326532,3.0612241,0,726.7695,35.10125,250.7087,0.94
1776973667,k3s-worker-3,6.0913712,3.0456851,0,789.9141,37.07905,254.4927,0.62
1776973667,k3s-worker-4,6.5656571,2.020202,0,1241.8945,36.62558,251.0399,1.45
1776973667,raspberrypi,4.0201009,1.2562814,0,2202.422,33.49156,279.9743,1.63
1776973670,k3s-control,35.5421695,13.2530118,0,1315.7539,1072.5585,272.7416,1.05
1776973670,k3s-worker-2,7.1428569,2.55102,0,725.5391,32.73177,247.4123,0.94
1776973670,k3s-worker-3,5.5837563,2.5380711,0.5076142,789.6953,35.30831,248.5393,0.65
1776973670,k3s-worker-4,6.6326531,2.040816,0,1241.1562,37.40132,251.1292,1.45
1776973670,raspberrypi,2.75,1.5,0,2204.266,32.25523,269.5872,1.63
1776973673,k3s-control,55.0847486,16.1016946,0,1309.3672,1083.8043,212.0677,0.96
1776973673,k3s-worker-2,7.1065991,3.5532991,0,725.0469,51.35934,262.4326,0.87
1776973673,k3s-worker-3,5.0505051,3.0303031,0,789.6953,37.50159,256.7291,0.65
1776973673,k3s-worker-4,7.6530612,2.0408161,0,1241.1562,42.7178,276.3824,1.33
1776973673,raspberrypi,2.75,1.25,0,2205.234,37.32007,276.154,1.5
1776973676,k3s-control,66.9642893,17.8571398,0,1304.2383,1116.2526,227.581,0.96
1776973676,k3s-worker-2,8.7179487,3.5897439,0,722.8594,38.77867,260.8,0.87
1776973676,k3s-worker-3,5.5837562,2.0304571,0,789.6953,43.03869,267.4718,0.6
1776973676,k3s-worker-4,5.5555561,2.525253,0,1241.1562,48.12033,252.911,1.31
1776973676,raspberrypi,2.0100501,1.0050251,0,2209.094,37.12622,271.8548,1.5
1776973679,k3s-control,64.3410883,13.1782947,0,1297.6289,1096.5734,227.1295,0.89
1776973679,k3s-worker-2,5.6410261,2.564103,0,722.8594,42.32518,257.5368,0.8
1776973679,k3s-worker-3,5.6122452,1.5306122,0,789.6953,40.31982,258.9031,0.6
1776973679,k3s-worker-4,6.5989847,3.5532989,0,1246.3828,33.70644,260.9145,1.31
1776973679,raspberrypi,2.267003,0.5037783,0,2211.766,90.35786,284.6182,1.46
1776973682,k3s-control,52.4999983,17.4999994,0.8333333,1306.3164,1127.2124,324.6976,0.89
1776973682,k3s-worker-2,7.1065987,2.5380709,0,722.3672,59.4942,269.7444,0.8
1776973682,k3s-worker-3,5.0761422,3.0456851,0,789.6953,45.21123,268.8718,0.55
1776973682,k3s-worker-4,5.1020409,3.0612239,4.5918369,1246.5742,30.57998,261.1994,1.36
1776973682,raspberrypi,2.5062661,0.7518797,0,2212.734,34.72741,270.0988,1.46
1776973685,k3s-control,74.2574248,22.7722784,0,1310.7266,1103.8503,225.0351,0.82
1776973685,k3s-worker-2,7.1065988,3.5532989,0,719.9062,46.47293,273.2961,0.98
1776973685,k3s-worker-3,7.1065991,3.5532991,0,794.1914,35.53261,259.501,0.55
1776973685,k3s-worker-4,6.532663,3.015075,0,1246.332,25.37698,249.1067,1.36
1776973685,raspberrypi,1.767677,0.7575758,0,2214.297,35.57049,271.5267,1.34
1776973688,k3s-control,78,12,5,1309.2773,1042.753,188.0206,0.82
1776973688,k3s-worker-2,6.0913709,2.5380709,0,719.9062,41.1754,260.2625,0.9
1776973688,k3s-worker-3,6.5656569,3.030303,0,790.0078,41.29672,265.7209,0.46
1776973688,k3s-worker-4,7,3.5,1,1246.332,29.0041,255.717,1.15
1776973688,raspberrypi,3.030303,0.7575758,0,2216.266,35.94891,268.4883,1.31
1776973691,k3s-control,78.640777,12.6213585,0,1308.7383,1103.1282,267.6111,0.76
1776973691,k3s-worker-2,7.0351757,3.0150749,0,719.9062,39.38538,256.8701,0.9
1776973691,k3s-worker-3,7.6142132,3.0456851,0,790.0078,50.71153,259.3291,0.43
1776973691,k3s-worker-4,6.0913711,2.030457,0,1246.332,37.23126,251.7485,1.15
1776973691,raspberrypi,2.0100501,0.7537688,0.2512563,2216.688,32.57734,273.3966,1.31
1776973694,k3s-control,81.3725497,14.7058819,0.9803922,1308.4922,1081.7497,193.6203,0.7
1776973694,k3s-worker-2,8.1218268,2.5380709,0,719.6875,40.92164,256.4584,0.83
1776973694,k3s-worker-3,7.070707,3.030303,0,790.0078,35.48766,259.0093,0.43
1776973694,k3s-worker-4,6.0606057,4.5454548,3.0303029,1245.6211,28.40532,267.3232,1.14
1776973694,raspberrypi,3.2581451,1.2531328,0,2216.656,33.28821,270.7644,1.58
1776973697,k3s-control,74,11,0,1308.2578,1147.2722,241.7807,0.7
1776973697,k3s-worker-2,8.1632652,4.0816331,0,725.7148,44.2149,272.2602,0.83
1776973697,k3s-worker-3,9.5959597,3.0303029,0,789.7891,48.13579,271.5618,0.39
1776973697,k3s-worker-4,8.9552233,48.2587062,5.9701485,1229.625,60.04643,297.0617,1.14
1776973697,raspberrypi,3.7688442,1.0050251,0,2200.578,37.64243,280.4536,1.58
1776973700,k3s-control,32.9896914,9.7938144,0,1304.4961,1131.7605,242.6229,0.6953633
1776973700,k3s-worker-2,8.2051279,2.564103,0,725.7148,53.99026,258.2506,0.76
1776973700,k3s-worker-3,6.060606,3.535354,0,789.7891,37.2319,256.4111,0.39
1776973700,k3s-worker-4,7.0351757,3.5175879,0,1219.2891,54.35182,295.6211,1.05
1776973700,raspberrypi,2.0050131,1.0025063,0,2201.078,45.75091,282.2802,1.45
1776973703,k3s-control,33.3333327,9.7435908,0.5128205,1303.582,1107.029,243.114,0.65
1776973703,k3s-worker-2,6.565657,3.030303,0,725.7148,41.30326,249.2061,0.76
1776973703,k3s-worker-3,5.5837563,3.5532992,0,789.7891,52.0771,271.9244,0.39
1776973703,k3s-worker-4,7.5,3,0.5,1219.2891,55.82824,268.2773,1.05
1776973703,raspberrypi,2.0100501,1.0050251,0,2203.656,34.96982,274.5047,1.45
1776973705,k3s-control,31.8681296,13.1868129,15.9340658,1302.5625,1107.4665,198.4795,0.59
1776973705,k3s-worker-2,8.1218267,4.5685278,0,723.9922,43.4333,266.6393,0.7
1776973705,k3s-worker-3,11.2820515,4.6153852,0,789.5703,64.66322,1615.9928,0.36
1776973705,k3s-worker-4,5.5837562,2.5380711,0,1219.2891,42.83857,254.8976,0.96
1776973705,raspberrypi,2.267003,0.5037783,0,2206.828,34.98047,266.2675,1.42
1776973708,k3s-control,56.4285702,12.142857,0,1293.8438,1071.0333,193.9818,0.59
1776973708,k3s-worker-2,9.0909088,3.0303029,0,725.0742,40.97552,256.0953,0.7
1776973708,k3s-worker-3,5.5837558,2.0304569,0,789.5703,45.57581,257.8745,0.36
1776973708,k3s-worker-4,8.1632654,2.5510201,0,1219.0703,37.05125,259.2526,0.96
1776973708,raspberrypi,3.5087719,0.7518797,0,2209.609,34.33735,271.2549,1.42
1776973711,k3s-control,84,11,0,1288.5273,1019.2464,181.456,0.55
1776973711,k3s-worker-2,7.6142132,3.0456851,0,724.8281,37.05202,250.7448,0.64
1776973711,k3s-worker-3,6.0913712,3.0456851,0,789.5703,45.82391,260.4511,0.33
1776973711,k3s-worker-4,5.5837559,2.538071,0,1218.7578,38.33138,254.1942,0.89
1776973711,raspberrypi,2.015113,0.7556675,0,2211.516,28.26742,263.1341,1.3
1776973714,k3s-control,67.5438593,15.7894738,0,1310.2227,1120.394,238.8007,0.55
1776973714,k3s-worker-2,9.2307692,4.6153851,3.0769231,722.8594,52.22322,942.8781,0.64
1776973714,k3s-worker-3,5.0505051,3.535354,0,789.1055,37.90108,259.9904,0.3
1776973714,k3s-worker-4,8.5858588,2.5252529,0,1218.7578,32.20968,245.8978,0.82
1776973714,raspberrypi,2.7707811,1.2594458,0,2217.062,31.31116,259.283,1.2
