timestamp,node,cpu_user,cpu_system,cpu_iowait,ram_used,net_received,net_sent,load1
1773171219,k3s-control,41.2790704,6.3953491,0,1788.402,74.90413,378.5768,1.68
1773171219,k3s-worker-2,8.1218274,4.0609142,0,658.6797,666.1344,199.0407,0.21
1773171219,k3s-worker-3,7.0707067,3.5353538,3.0303029,193.7344,98.60417,297.0055,0.09
1773171221,k3s-control,40.1129913,7.9096053,0,1787.25,212.6533,606.0881,1.54
1773171221,k3s-worker-2,11.7948722,4.6153851,0.5128205,657.2031,834.2293,266.5071,0.27
1773171221,k3s-worker-3,5.0761419,3.553299,0,193.4883,91.01267,317.8684,0.09
1773171223,k3s-control,54.7445256,8.7591233,0,1779.621,200.3935,578.1037,1.54
1773171223,k3s-worker-2,9.2307686,5.1282048,0,656.957,779.0191,245.9544,0.27
1773171223,k3s-worker-3,7.1065988,4.0609139,0,190.5352,87.88042,293.853,0.16
1773171225,k3s-control,35.0785322,8.3769635,0,1791.363,245.6327,627.4869,1.42
1773171225,k3s-worker-2,10.7692309,7.692308,0,656.957,812.5286,282.6427,0.27
1773171225,k3s-worker-3,8.5858586,4.5454548,0,187.5859,81.08553,282.7192,0.16
1773171228,k3s-control,54.1666663,9.0277774,0,1790.195,225.2936,605.8745,1.42
1773171228,k3s-worker-2,11.4583327,5.2083329,0,656.7109,740.4315,242.7826,0.25
1773171228,k3s-worker-3,5.0761421,2.030457,0,187.5859,60.48561,258.0212,0.15
1773171230,k3s-control,57.1428573,8.5714286,0,1779.316,176.6698,556.9729,1.42
1773171230,k3s-worker-2,10.7142859,4.5918369,0,656.7109,788.729,252.9503,0.25
1773171230,k3s-worker-3,5.1020413,3.0612242,0,187.5859,93.24977,287.9735,0.15
1773171233,k3s-control,56.6176459,8.8235284,0,1770.117,209.0922,589.9101,1.55
1773171233,k3s-worker-2,12.307692,6.666667,0,661.5938,701.8253,209.1713,0.23
1773171233,k3s-worker-3,5.0761418,2.5380709,0,195.4609,96.28756,292.4781,0.15
1773171235,k3s-control,89,9,0,1791.062,170.918,541.5171,1.55
1773171235,k3s-worker-2,12.8865974,5.1546388,0,659.8828,785.5477,258.8475,0.23
1773171235,k3s-worker-3,5.1020409,2.55102,0,194.75,81.90616,276.1474,0.22
1773171238,k3s-control,30.7291681,6.7708326,0,1790.07,212.1372,605.0528,1.58
1773171238,k3s-worker-2,10.8247419,6.185567,0,664.0938,826.7356,269.7447,0.21
1773171238,k3s-worker-3,7.6142133,3.0456851,1.0152284,193.5195,66.63342,268.445,0.22
1773171240,k3s-control,52.413794,8.2758626,0,1781.715,205.9781,619.1395,1.58
1773171240,k3s-worker-2,12.1827404,6.0913707,0,657.2031,826.1958,295.3698,0.21
1773171240,k3s-worker-3,5.6410261,3.076923,0,193.5195,91.93443,296.6867,0.2
1773171242,k3s-control,51.4084524,9.1549304,0,1779.41,217.8857,785.5454,2.58
1773171242,k3s-worker-2,13.1979695,8.1218267,0.5076142,658.8398,798.1497,251.0143,0.21
1773171242,k3s-worker-3,5.5837563,3.5532992,0,193.5195,78.00048,273.9552,0.2
1773171245,k3s-control,56.2043772,9.4890505,0,1785.934,209.7541,609.1109,2.58
1773171245,k3s-worker-2,10.7692314,5.1282052,0,658.6055,746.3643,262.2031,0.28
1773171245,k3s-worker-3,5.555556,2.525253,0,200.9297,99.87484,289.5363,0.26
1773171247,k3s-control,57.1428575,11.2781945,0,1781.516,197.9906,556.6204,2.61
1773171247,k3s-worker-2,9.7435901,7.6923081,0,656.4766,786.0666,1017.9029,0.28
1773171247,k3s-worker-3,6.0913712,3.0456851,0,200.4375,92.50064,280.4485,0.26
1773171250,k3s-control,31.843577,6.7039104,0,1781.496,235.9618,643.9578,2.61
1773171250,k3s-worker-2,11.7948721,5.6410261,0,656.0117,796.2275,258.9063,0.25
1773171250,k3s-worker-3,6.0913712,3.0456851,0,200.4375,83.90567,276.8725,0.24
1773171252,k3s-control,46.8354438,8.8607597,0,1782.145,181.9635,570.866,2.61
1773171252,k3s-worker-2,10.3626944,6.2176173,0,655.7656,764.973,235.2295,0.25
1773171252,k3s-worker-3,5.5555561,2.525253,0,200.4375,96.1829,267.4978,0.24
1773171255,k3s-control,67.2413766,11.2068964,0,1776.023,192.4971,571.6731,2.48
1773171255,k3s-worker-2,10.3626939,5.699482,0,655.2852,748.5478,248.8966,0.55
1773171255,k3s-worker-3,9.6446698,4.0609139,0.5076142,194.1484,81.92743,291.4199,0.24
1773171258,k3s-control,85.1485143,11.8811886,0,1790.43,187.2561,541.8339,2.48
1773171258,k3s-worker-2,9.183673,6.122449,0,660.4258,718.5405,224.8603,0.55
1773171258,k3s-worker-3,5.0761418,2.5380709,0,194.1484,88.12641,288.3515,0.22
1773171260,k3s-control,84.4660192,9.7087379,0,1770.766,185.2448,580.0124,2.84
1773171260,k3s-worker-2,10.2040815,5.6122447,0.5102041,659.9453,804.9404,268.2715,0.51
1773171260,k3s-worker-3,7.1065987,3.0456849,0,194.1484,87.60838,278.4376,0.2
1773171263,k3s-control,62.0967707,12.0967741,0,1778.203,197.4284,562.2761,2.84
1773171263,k3s-worker-2,9.6938777,4.0816329,0,659.4531,739.8951,244.1778,0.51
1773171263,k3s-worker-3,6.0606061,2.525253,0,193.9023,85.12536,277.7537,0.2
1773171266,k3s-control,60.9022567,9.0225555,0,1771.793,192.4017,583.7903,2.94
1773171266,k3s-worker-2,10.2564104,5.1282052,0,658.9727,718.2771,225.0688,0.43
1773171266,k3s-worker-3,4.5685281,3.5532991,0,193.9023,78.8359,276.024,0.2
1773171269,k3s-control,75.9615404,17.3076901,0,1780.664,183.0649,570.8467,2.94
1773171269,k3s-worker-2,11.7948719,7.179487,0,655.7656,707.7645,220.4519,0.43
1773171269,k3s-worker-3,6.091371,3.045685,0,193.6562,101.89586,1175.3211,0.17
1773171272,k3s-control,78.7878792,5.0505049,0,1780.84,179.2373,515.8964,2.94
1773171272,k3s-worker-2,11.9170981,5.699482,0,654.2891,695.5338,205.8019,0.64
1773171272,k3s-worker-3,5.5555561,2.525253,0,193.6562,79.98132,507.0895,0.17
1773171274,k3s-control,54.9707575,7.0175437,0,1783.449,206.1328,592.6959,2.94
1773171274,k3s-worker-2,10.2564104,5.1282052,0,647.4102,783.1989,252.6965,0.64
1773171274,k3s-worker-3,6.5989849,2.030457,0,193.6562,64.6497,257.6838,0.16
1773171276,k3s-control,53.2374095,10.0719419,0,1782.934,183.0231,570.2695,2.86
1773171276,k3s-worker-2,13.8461534,9.2307686,0,648.7891,780.2118,249.4468,0.59
1773171276,k3s-worker-3,5,3,0,193.6562,82.50723,275.4236,0.16
1773171279,k3s-control,55.0724627,8.6956524,0,1783.094,163.29971,505.0373,2.86
1773171279,k3s-worker-2,11.7346943,4.5918371,0,648.5547,764.1249,250.5719,0.59
1773171279,k3s-worker-3,6.5989853,2.5380711,0,193.6562,67.40177,262.7673,0.14
1773171282,k3s-control,63.3333298,11.666667,0,1778.664,207.9289,586.8401,2.79
1773171282,k3s-worker-2,10.7692311,6.1538461,0.5128205,648.5547,730.1302,227.6453,0.54
1773171282,k3s-worker-3,5.0505051,2.5252531,0,193.6562,68.4804,266.2732,0.14
1773171285,k3s-control,55.2845499,12.195122,0,1781.344,202.2357,573.2844,2.79
1773171285,k3s-worker-2,12.9533681,6.2176171,0,646.3516,710.9663,228.6646,0.54
1773171285,k3s-worker-3,6.6666669,4.102564,0,195.1367,82.48631,279.2158,0.13
1773171288,k3s-control,80.9523808,10.4761901,0,1777.551,155.2869,485.8474,3.37
1773171288,k3s-worker-2,10.6598978,6.0913709,0.5076142,649.5938,759.5027,243.7258,0.54
1773171288,k3s-worker-3,4.0816331,3.0612241,0,195.1367,80.81887,272.4911,0.13
1773171290,k3s-control,57.6642294,8.7591239,0,1777.551,154.65466,529.6508,3.37
1773171290,k3s-worker-2,11.2820512,6.1538461,0,648.8672,740.6639,215.0878,0.5
1773171290,k3s-worker-3,6.0913709,2.030457,0,195.1367,65.82064,261.1471,0.12
1773171293,k3s-control,54.7445256,8.7591233,0,1777.059,213.5983,605.6902,3.26
1773171293,k3s-worker-2,14.7959175,7.6530607,0,648.8672,734.8669,212.8723,0.5
1773171293,k3s-worker-3,6.6326527,3.5714288,1.5306121,194.8906,108.35715,292.2697,0.12
1773171296,k3s-control,87.1287126,4.9504951,0,1772.812,182.7707,538.2815,3.26
1773171296,k3s-worker-2,10.3626945,4.6632122,0,648.8672,801.155,261.5161,0.54
1773171296,k3s-worker-3,6.565657,2.525253,0,194.8906,83.23265,291.3062,0.11
1773171298,k3s-control,47.567571,7.0270271,0,1773.367,199.3253,579.9897,3.32
1773171298,k3s-worker-2,11.2820511,5.641026,0.5128205,648.8672,842.3864,295.5249,0.54
1773171298,k3s-worker-3,20.7070699,18.6868699,0,194.8906,69.15137,271.5683,0.11
1773171300,k3s-control,59.5419837,9.1603056,0,1775.094,193.7891,1027.4387,3.32
1773171300,k3s-worker-2,13.0208326,6.2499998,0,652.5312,791.5299,254.7922,0.45
1773171300,k3s-worker-3,6.565657,3.030303,0,194.6445,83.55669,281.9433,0.11
1773171303,k3s-control,60.8,11.2,0,1780.621,197.1864,970.1114,3.78
1773171303,k3s-worker-2,11.2244896,8.1632647,0,646.1719,696.6573,208.2021,0.45
1773171303,k3s-worker-3,6.0913709,2.5380709,0,194.6445,78.6923,272.2815,0.17
1773171305,k3s-control,58.7786271,9.1603045,0,1778.164,170.2311,528.0317,3.78
1773171305,k3s-worker-2,12.4352326,4.6632119,1.5544041,649.5703,784.2102,280.4557,0.5
1773171305,k3s-worker-3,5.5837558,2.0304569,0,194.6445,100.50751,291.3469,0.17
1773171308,k3s-control,91,8,0,1766.645,156.91084,513.5395,3.63
1773171308,k3s-worker-2,9.1836733,5.1020412,0,646.5547,762.4548,233.5753,0.5
1773171308,k3s-worker-3,5.0505051,3.0303031,0,194.6445,75.43949,271.62,0.15
1773171311,k3s-control,40.6417113,9.6256683,0,1767.512,287.5587,748.5425,3.63
1773171311,k3s-worker-2,12.4352331,5.6994821,0,646.5547,888.3284,318.3049,0.5
1773171311,k3s-worker-3,6.1224491,3.5714291,0,194.3984,89.24519,280.3072,0.15
1773171313,k3s-control,53.676472,10.2941184,0,1767.512,171.8559,532.6424,3.63
1773171313,k3s-worker-2,9.7435904,4.6153852,0,646.3086,715.1705,204.7286,0.46
1773171313,k3s-worker-3,5.0505051,2.5252531,0,194.3984,67.99927,263.2484,0.148749
1773171316,k3s-control,74.5283021,14.1509434,0,1768.965,160.66943,497.8224,3.34
1773171316,k3s-worker-2,11.2820512,5.6410261,0,651.5898,728.814,225.9569,0.42
1773171316,k3s-worker-3,6.0913712,2.5380711,0,198.8867,72.59643,269.133,0.14
1773171319,k3s-control,57.0370393,8.8888889,0,1774.609,161.57122,516.0142,3.34
1773171319,k3s-worker-2,11.8556704,6.1855672,0,654.9609,726.5098,231.4601,0.42
1773171319,k3s-worker-3,5.0505051,3.535354,0,197.918,79.09777,273.7739,0.13
1773171322,k3s-control,91.0891091,7.9207919,0,1759.949,126.41298,453.7007,3.14
1773171322,k3s-worker-2,10.2564102,6.1538461,0,653.7734,682.0708,183.9698,0.47
1773171322,k3s-worker-3,5.0251262,3.5175881,0,197.6719,48.50641,251.1226,0.13
1773171324,k3s-control,39.7959179,6.6326527,0,1758.531,219.1243,596.4555,3.14
1773171324,k3s-worker-2,13.9175259,4.639175,0,653.2812,803.1266,254.4395,0.47
1773171324,k3s-worker-3,4.5918371,2.5510201,0,197.6719,68.83509,268.9843,0.13
1773171326,k3s-control,38.9743612,6.1538462,0,1751.195,175.6649,541.0216,2.88
1773171326,k3s-worker-2,11.9170977,7.2538858,0,653.2812,747.9078,223.0456,0.47
1773171326,k3s-worker-3,5.0505051,3.030303,0,197.6719,73.13596,267.2104,0.12
1773171328,k3s-control,38.1443289,7.2164948,0,1751.297,172.8754,536.3687,2.88
1773171328,k3s-worker-2,17.09845,7.253886,0,648.6055,767.0668,216.7509,0.43
1773171328,k3s-worker-3,4.5685279,2.5380709,0,197.6719,57.05531,253.0863,0.12
1773171330,k3s-control,38.4615412,5.6410262,0,1750.215,233.2266,653.5476,2.65
1773171330,k3s-worker-2,11.3402057,7.2164948,0,648.6055,853.1087,284.3129,0.43
1773171330,k3s-worker-3,7.1794869,3.589744,0,197.6719,93.10485,1170.3751,0.12
1773171332,k3s-control,35.0515476,7.7319585,0,1748.086,251.4542,651.5968,2.65
1773171332,k3s-worker-2,14.4329896,9.2783507,0,651.1523,801.5251,263.6765,0.39
1773171332,k3s-worker-3,6.1538461,2.564103,0,196.6875,77.01566,276.0462,0.11
1773171335,k3s-control,73.2323222,13.6363644,0,1747.871,237.0177,642.3697,2.65
1773171335,k3s-worker-2,12.8865979,6.701031,0,650.6992,800.7907,261.4451,0.39
1773171335,k3s-worker-3,5.0505051,2.525253,0,196.4414,63.31564,259.0451,0.11
1773171337,k3s-control,43.0769202,7.692308,0,1750.621,250.3262,656.3516,2.44
1773171337,k3s-worker-2,16.0621762,10.3626941,0,649.5547,827.8338,284.7175,0.39
1773171337,k3s-worker-3,5.0761419,3.553299,0,195.9492,84.82014,274.8233,0.09
1773171339,k3s-control,44.1624393,7.1065989,0,1749.02,172.7201,530.4899,2.44
1773171339,k3s-worker-2,9.3264249,6.735751,0,647.1094,820.3561,266.7772,0.36
1773171339,k3s-worker-3,5.5555561,3.030303,0,204.5469,85.96323,278.6152,0.09
1773171341,k3s-control,41.8367311,7.6530612,0,1748.867,208.0291,632.0254,2.24
1773171341,k3s-worker-2,12.3076921,6.153846,0,651.1836,836.1834,278.5493,0.36
1773171341,k3s-worker-3,8.0402013,4.5226132,0,203.3594,88.41459,279.5341,0.09
1773171343,k3s-control,44.3877559,7.6530603,0,1747.551,211.1352,604.8324,2.24
1773171343,k3s-worker-2,32.1243499,33.6787599,4.663212,638.9336,789.1996,256.0068,0.36
1773171343,k3s-worker-3,8.0808078,4.0404039,0,197.9453,42.80168,236.1108,0.08
1773171345,k3s-control,44.3877577,7.1428566,0,1747.281,192.5101,582.2293,2.24
1773171345,k3s-worker-2,92.9648235,6.0301512,0,634.5078,730.3788,211.5726,0.33
1773171345,k3s-worker-3,7.1065992,4.5685281,0,200.0234,59.94142,260.0933,0.08
1773171347,k3s-control,43.8775486,6.1224488,0,1746.203,164.97543,519.2309,2.38
1773171347,k3s-worker-2,93.5323388,4.9751239,0,636.2227,726.8387,204.4612,0.33
1773171347,k3s-worker-3,6.5989851,4.060914,0,196.375,47.53379,248.6159,0.08
1773171349,k3s-control,40.3061212,6.6326532,0,1744.109,214.3571,617.2614,2.38
1773171349,k3s-worker-2,93.9393933,4.5454552,0,634.5,754.0729,219.0632,0.33
1773171349,k3s-worker-3,5.5276379,2.512563,0,196.375,42.1486,244.2428,0.08
1773171351,k3s-control,43.3673504,6.1224491,0,1744.707,233.721,604.4289,2.19
1773171351,k3s-worker-2,92.964824,5.5276382,0,634.2656,761.2465,217.6976,0.47
1773171351,k3s-worker-3,6.0301512,2.5125631,0,196.375,68.23731,263.5382,0.08
1773171353,k3s-control,37.9487204,7.6923081,0,1744.133,208.4108,607.556,2.19
1773171353,k3s-worker-2,93.969849,5.0251259,0,633.7852,771.3033,224.047,0.47
1773171353,k3s-worker-3,6.565657,2.525253,0,196.375,44.59754,243.2464,0.08
1773171356,k3s-control,39.39394,7.575758,0.5050505,1743.523,219.9729,627.271,2.19
1773171356,k3s-worker-2,92.0398007,5.472637,0,632.8008,770.1588,213.86,0.78
1773171356,k3s-worker-3,5.5837558,2.0304569,0,196.375,38.44622,239.6492,0.07
1773171358,k3s-control,41.0256408,7.1794871,0,1748.211,176.0414,529.6491,2.02
1773171358,k3s-worker-2,93.969849,5.0251259,0,631.5703,764.7269,228.5445,0.78
1773171358,k3s-worker-3,5.0761418,2.5380709,0,196.375,58.2348,262.6966,0.07
1773171360,k3s-control,40.7216489,6.7010308,0,1755.281,244.1574,682.4573,2.02
1773171360,k3s-worker-2,92.5373134,5.9701492,0,627.8789,791.6363,229.5404,0.78
1773171360,k3s-worker-3,6.6326529,3.5714289,0,195.6367,47.52135,248.1747,0.07
1773171363,k3s-control,42.4242413,6.0606062,0,1754.105,51.02391,365.6288,1.94
1773171363,k3s-worker-2,85.4545457,14.5454543,0,634.3047,787.8431,108.83453,0.88
1773171363,k3s-worker-3,5.0505051,2.5252531,0,195.6367,26.54489,212.1319,0.06
1773171370,k3s-control,37.9487181,5.1282047,0,1752.07,43.40449,387.5333,1.78
1773171370,k3s-worker-2,85.1063826,14.8936174,0,635.7031,459.9545,239.4269,1.2
1773171370,k3s-worker-3,7.1065987,3.0456849,0,195.3906,60.6319,225.7105,0.06
1773171376,k3s-control,38.7755119,7.6530614,0,1748.594,65.06643,371.0998,1.64
1773171376,k3s-worker-2,78,18,0,631.6992,578.5292,98.45099,2.87
1773171376,k3s-worker-3,6.565657,2.525253,0,201.0156,23.82356,210.7037,0.05
1773171381,k3s-control,36.8686876,6.0606056,0,1749.734,74.89054,425.9449,1.39
1773171381,k3s-worker-2,87.5,10.416667,0,633.6992,593.9171,101.28657,3.84
1773171381,k3s-worker-3,6.6326528,2.5510199,0,201.0156,23.02201,211.552,0.05
1773171387,k3s-control,41.8367329,6.6326535,0,1752.516,65.82182,399.1224,1.27
1773171387,k3s-worker-2,78,20,0,630.0195,605.8489,102.76781,3.85
1773171387,k3s-worker-3,11.1675124,5.0761417,0,200.5234,41.6113,1301.5324,0.04
1773171394,k3s-control,39.8963716,7.2538863,0,1751.359,58.50319,386.6561,1.08
1773171394,k3s-worker-2,81.81818,18.18182,0,625.1875,620.9374,101.10558,5.31
1773171394,k3s-worker-3,5.0251259,3.015075,0,200.0312,21.97184,210.6669,0.03
1773171403,k3s-control,75.8928576,4.4642859,0,1655.5977,65.9056,350.8511,1.23
1773171403,k3s-worker-3,5.0251258,3.0150749,0,202.4258,21.97283,210.1305,0.02
1773171435,k3s-control,44,53,0,684.9609,36.31357,343.0926,2.18
1773171435,k3s-worker-2,89.7959191,8.1632649,0,711.9766,599.9884,70.03243,21.52
1773171435,k3s-worker-3,5.0505051,3.0303031,0,191.5977,19.89493,211.8063,0.02
1773171446,k3s-control,41.6666685,6.2499998,2.6041669,1983.891,44.28226,345.4293,2.65
1773171472,k3s-worker-3,7.070707,2.525253,0,192.3047,29.78166,223.985,0.01
1773171480,k3s-control,57.57576,42.42424,0,1483.4961,63.08952,392.5525,3.33
1773171480,k3s-worker-2,23.1404999,6.61157,12.396694,797.5352,636.5272,105.57496,27.85
1773171480,k3s-worker-3,5.5837563,3.5532992,0,192.3047,26.42918,212.2068,0.01
1773171489,k3s-control,57.8431387,41.1764691,0,1799.457,21.49661,351.7305,3.42
1773171489,k3s-worker-2,28.1249981,19.7916687,6.2499996,599.9805,572.3739,85.58613,21.98
1773171489,k3s-worker-3,7.142857,4.081633,0,187.6289,27.55065,218.445,0
1773171499,k3s-control,62,38,0,1271.168,32.84791,404.9184,3.94
1773171499,k3s-worker-2,41.8604683,6.9767437,0,620.6602,548.0134,88.03542,18.6
1773171499,k3s-worker-3,5.6122449,2.040816,0,187.6289,23.63281,210.8193,0
1773171511,k3s-control,29.6,37.6,0,1625.1367,72.0023,401.5772,3.71
1773171511,k3s-worker-2,31.1688292,15.5844156,14.2857136,616.2773,591.5821,88.83145,15.74
1773171511,k3s-worker-3,5.5555561,2.525253,0,187.6289,74.55848,224.6299,0
1773171519,k3s-control,58.58586,41.41414,0,1374.2969,49.04218,431.7256,3.73
1773171519,k3s-worker-2,19.0789485,5.9210525,0,622.7344,651.8582,222.2864,15.577523
1773171519,k3s-worker-3,6.0606061,2.020202,0,187.6289,62.18628,258.1082,0
1773171522,k3s-control,59,39,0,1563.6992,184.8902,563.5599,3.99
1773171522,k3s-worker-2,9.7297304,4.8648652,0.5405405,621.543,720.0206,220.3355,14.56
1773171522,k3s-worker-3,5.1020409,2.55102,0,195.0703,77.46594,275.3265,0
1773171526,k3s-control,55,44,0,1057.8984,176.2587,492.1969,3.99
1773171526,k3s-worker-2,12.8834365,7.3619633,0,619.9297,686.0955,175.0557,12.32
1773171526,k3s-worker-3,5.0505051,3.535354,0,189.1641,32.27055,245.6339,0
1773171529,k3s-control,60,39,0,1076.7852,177.8695,554.8056,3.91
1773171529,k3s-worker-2,11.640212,5.820106,1.5873016,619.6875,706.7681,202.8195,12.32
1773171529,k3s-worker-3,7.070707,2.525253,0.5050505,188.918,78.05543,268.9341,0
1773171532,k3s-control,55.5555594,43.4343396,0,1092.1094,195.2887,518.18,3.91
1773171532,k3s-worker-2,10.4972376,4.9723758,0,619.6875,765.3683,249.5987,11.33
1773171532,k3s-worker-3,5.0761418,2.0304569,0,188.918,79.54662,270.8038,0
1773171535,k3s-control,61,38,0,1109.7852,207.4218,572.8085,3.84
1773171535,k3s-worker-2,9.782609,4.891304,6.521739,619.6875,759.623,261.4206,11.33
1773171535,k3s-worker-3,7.537688,2.01005,0,188.918,83.40596,272.3614,0
1773171538,k3s-control,56.3106779,42.7184484,0,1034.4766,204.0444,561.3736,3.69
1773171538,k3s-worker-2,11.9760478,7.1856289,0,619.2148,725.328,162.66249,10.43
1773171538,k3s-worker-3,5.6122451,3.061224,0,188.918,34.94628,240.7331,0
1773171542,k3s-control,54.4554451,44.554456,0,1749.438,176.7849,1890.1,3.69
1773171542,k3s-worker-2,11.5384619,7.6923079,0.6410256,621.9414,716.0906,214.5373,9.83
1773171542,k3s-worker-3,5.5555561,2.525253,0,188.918,41.72677,241.4913,0
1773171545,k3s-control,56.4356411,41.5841608,0,1605.6914,114.9787,439.6711,4.12
1773171545,k3s-worker-2,54.3859622,26.3157911,0,614.9922,603.4587,1295.9329,9.04
1773171545,k3s-worker-3,8.1218267,2.0304569,0,188.918,33.67819,223.8595,0
1773171550,k3s-control,26.6129022,36.290323,0,1028.6875,215.3411,577.6368,3.95
1773171550,k3s-worker-2,11.9318185,5.1136362,0,621.0078,696.4053,214.0659,9.04
1773171550,k3s-worker-3,4.5685279,3.0456849,0,188.918,64.18911,248.7288,0
1773171553,k3s-control,26.6129022,35.483873,0,1603.9727,182.8286,527.0647,3.87
1773171553,k3s-worker-2,8.673469,4.081633,0,620.2812,734.3179,235.4165,8.32
1773171553,k3s-worker-3,5.5837558,2.0304569,0,188.918,89.03259,277.0977,0
1773171556,k3s-control,25.8064522,36.290323,0,1394.7031,131.84401,496.4177,3.87
1773171556,k3s-worker-2,15.7894739,7.2368419,0,615.8516,754.4789,225.2455,8.32
1773171556,k3s-worker-3,5.5837558,2.0304569,0,188.918,58.85034,249.1264,0
1773171559,k3s-control,25.8064522,37.0967731,0,1113.2383,145.99572,496.6974,3.909319
1773171559,k3s-worker-2,9.039548,5.649718,0,615.8516,735.1773,209.187,7.65
1773171559,k3s-worker-3,5.5837558,2.0304569,0,188.918,55.68228,249.8713,0
1773171562,k3s-control,22.5806496,40.3225794,0,1880.84,158.48851,518.0221,4.2
1773171562,k3s-worker-2,11.1111112,5.8201061,0,618.6797,715.3929,220.3688,7.04
1773171562,k3s-worker-3,5.0761421,2.5380711,0,196.3281,71.29003,266.5459,0
1773171565,k3s-control,22.5806496,39.5161294,0,1733.23,158.21318,503.9277,4.34
1773171565,k3s-worker-2,13.7931038,5.7471263,0,618.1875,693.3949,231.7369,7.04
1773171565,k3s-worker-3,19.6969699,19.6969699,0,196.3281,66.55966,262.6366,0
1773171568,k3s-control,27.2,38.4,0,1559.3906,170.3902,519.8265,4.34
1773171568,k3s-worker-2,11.4942535,8.0459774,0,612.293,752.1862,243.2732,6.47
1773171568,k3s-worker-3,5.5837562,2.0304571,0,196.3281,74.64328,261.6431,0
1773171571,k3s-control,19.5121995,38.211379,1.6260163,1769.465,233.9861,628.4939,4.34
1773171571,k3s-worker-2,10.857143,4,0,612.293,743.9353,249.1098,6.47
1773171571,k3s-worker-3,5.5837558,2.0304569,0,196.3281,87.48372,500.2621,0
1773171574,k3s-control,14.8148142,35.555558,0,1303.5508,172.2992,518.7065,4.08
1773171574,k3s-worker-2,11.2426036,5.3254438,0,615.4023,743.9968,250.1805,5.96
1773171574,k3s-worker-3,5.0761418,2.5380709,0,196.3281,76.78583,267.1574,0
1773171578,k3s-control,18.69919,43.90244,0,1766.582,139.29474,488.1383,4.87
1773171578,k3s-worker-2,15.6626516,6.0240962,0,618.6641,707.4444,196.5128,5.96
1773171578,k3s-worker-3,5.555556,4.040404,0,555.8867,57.67918,268.5302,0.08
1773171582,k3s-control,41.4414396,37.8378397,0,1230.6289,147.45175,494.5656,4.87
1773171582,k3s-worker-2,9.5238095,4.7619047,0,618.418,777.5774,207.3743,6.04
1773171582,k3s-worker-3,5.0505051,2.525253,0,555.8867,75.98644,268.6623,0.08
1773171584,k3s-control,15.441176,33.08824,0,1357.668,148.3574,507.6813,4.96
1773171584,k3s-worker-2,12.7906985,5.8139532,0,618.418,674.5499,197.5041,6.04
1773171584,k3s-worker-3,4.5454551,2.5252531,0,569.2305,59.00841,274.9046,0.07
1773171587,k3s-control,29.7435907,6.1538462,0,1949.648,84.10529,450.7352,4.96
1773171587,k3s-worker-2,73.2142871,24.999999,0,610.8164,595.3767,113.3749,5.11
1773171587,k3s-worker-3,6.0913712,3.0456851,0,568.7383,27.36588,220.1507,0.07
1773171592,k3s-control,44.6700504,6.5989851,0,2002.203,97.52161,401.0695,5.05
1773171592,k3s-worker-2,28.3582094,35.8208993,31.3432794,602.5508,673.716,104.00235,4.7
1773171592,k3s-worker-3,9.0909091,5.5555561,3.030303,558.6484,95.74737,244.4649,0.07
1773171597,k3s-control,35.3846173,6.6666665,0,2033.699,69.8838,413.6333,4.64
1773171597,k3s-worker-2,39.6226412,54.7169816,1.8867921,598.2891,630.3607,98.01793,4.32
1773171597,k3s-worker-3,39.8989894,23.2323197,1.5151515,434.2109,18.0948,235.7387,0.14
1773171602,k3s-control,46.4285713,6.6326532,0,2035.977,48.79768,377.6964,4.15
1773171602,k3s-worker-2,45.0980386,49.0196085,1.9607839,593.2539,583.8636,86.66831,4.3
1773171602,k3s-worker-3,5.1546392,3.6082471,19.0721608,426.3359,24.13414,216.7531,0.13
1773171611,k3s-control,45.9183704,5.6122451,0,2042.91,43.99446,361.509,3.95
1773171611,k3s-worker-2,45.83333,47.91667,2.083333,589.3086,579.2414,94.87103,4.17
1773171611,k3s-worker-3,9.6938783,3.5714291,0,474.0234,33.78932,221.2193,0.12
1773171616,k3s-control,40.4040406,7.5757581,0,2038.535,80.10648,423.6717,3.88
1773171616,k3s-worker-2,48,46,2,589.3086,813.0946,119.34365,4.17
1773171616,k3s-worker-3,5.0761421,2.030457,0,487.8438,28.66624,215.3464,0.1
1773171621,k3s-control,38.0710665,6.5989844,0,2040.207,76.16194,419.9166,3.88
1773171621,k3s-worker-2,28.9855096,34.7826095,30.4347796,600.4805,606.8582,103.78149,4.16
1773171621,k3s-worker-3,5.5276379,2.512563,0,487.5977,28.68387,216.1752,0.09
1773171627,k3s-control,38.9743577,5.6410257,0,2040.977,42.91993,358.3747,3.28
1773171627,k3s-worker-2,42.8571404,51.0204105,0,592.8516,607.4815,96.20359,3.98
1773171627,k3s-worker-3,6.0913712,3.0456851,0,487.3516,67.49896,1354.7585,0.08
1773171633,k3s-control,41.6243661,6.0913704,0,2038.754,66.02216,414.8037,3.02
1773171633,k3s-worker-2,19.9999996,30.5882394,45.8823491,596.625,556.0278,98.91245,3.52
1773171633,k3s-worker-3,5.0505051,2.5252531,0,487.3516,24.332,220.398,0.08
1773171638,k3s-control,39.6907188,5.1546389,0,2040.758,67.3508,383.4077,2.964011
1773171638,k3s-worker-2,44.6808504,44.6808504,2.12766,590.3047,609.8757,106.38226,3.48
1773171638,k3s-worker-3,5.0761422,3.0456851,0,487.1055,24.63977,216.7777,0.07
1773171645,k3s-control,42.1319815,4.5685282,0.5076142,2063.609,61.47165,357.0642,2.75
1773171645,k3s-worker-2,36.7346907,51.020411,6.1224491,590.0586,600.3468,95.77631,3.2
1773171645,k3s-worker-3,4.5918371,2.5510201,0,491.9922,25.03448,225.1208,0.06
1773171649,k3s-control,36.4102576,6.1538456,0,2062.523,78.26297,429.2321,2.75
1773171649,k3s-worker-2,32.857142,34.2857121,28.5714317,595.7812,481.8955,92.29839,2.94
1773171649,k3s-worker-3,4.5685279,3.553299,0,491.0469,24.82289,224.3556,0.06
1773171655,k3s-control,46.4088408,5.5248621,0,2059.961,46.18282,372.5612,2.53
1773171655,k3s-worker-2,16.2790697,32.5581394,25.5813996,595.043,559.9625,84.86886,2.78
1773171655,k3s-worker-3,5.5837563,3.5532992,0,491.0469,25.6319,225.5809,0.05
1773171663,k3s-control,43.0939209,6.0773481,0,2032.387,36.27782,355.5659,2.54
1773171663,k3s-worker-2,32.8767093,34.2465793,27.3972595,590.0703,573.3707,106.46468,2.56
1773171663,k3s-worker-3,7.070707,2.525253,0,491.0469,26.27399,214.0522,0.04
1773171671,k3s-control,35.8585873,6.5656565,0,2038.012,51.22091,368.4164,2.34
1773171671,k3s-worker-2,44.8979596,44.8979596,2.040816,594.832,637.0685,102.68566,2.44
1773171671,k3s-worker-3,6.5989849,2.030457,0,490.8008,22.7914,231.0837,0.04
1773171678,k3s-control,47.3053917,5.9880242,0,2062.934,36.28662,339.235,2.22
1773171678,k3s-worker-2,41.5094325,47.1698128,3.7735852,586.7227,576.1789,92.04275,2.74
1773171678,k3s-worker-3,5.5555561,3.030303,0,490.8008,24.46856,218.3096,0.03
1773171685,k3s-control,48.3660115,8.4967323,0,2055.473,52.85557,370.6553,1.88
1773171685,k3s-worker-2,14.4578311,33.7349403,25.3012003,586.4766,594.4007,96.75891,2.32
1773171685,k3s-worker-3,6.0606061,2.525253,0,490.8008,22.16186,210.4082,0.03
1773171693,k3s-control,52.0270279,8.7837836,0,2049.441,49.25385,355.793,2.13
1773171693,k3s-worker-2,34,56,4,585.7773,375.179,81.50281,2.22
1773171693,k3s-worker-3,5.5837562,2.5380711,0,490.8008,26.28607,217.4983,0.03
1773171698,k3s-control,59.420289,7.9710139,0,2049.441,43.45144,382.5761,1.87
1773171698,k3s-worker-2,10.7843142,29.4117606,57.8431412,585.6523,628.1228,84.22562,2.2
1773171698,k3s-worker-3,6.565657,2.525253,0,490.3086,25.52721,219.3115,0.02
1773171706,k3s-control,47.3684181,7.0175437,0,2035.66,42.86335,360.1541,1.72
1773171706,k3s-worker-2,36.7346929,53.0612242,4.0816333,590.6641,604.7735,88.45563,2.26
1773171706,k3s-worker-3,5.0251259,3.015075,0,493.3281,22.70441,212.814,0.1
1773171711,k3s-control,45.56213,5.325444,0,2037.137,82.20205,422.6959,1.58
1773171711,k3s-worker-2,22.6890791,13.4453774,0,592.5,588.5509,100.1435,2.48
1773171711,k3s-worker-3,11.1111104,6.0606057,6.5656567,487.6719,61.15507,255.1258,0.1
1773171714,k3s-control,53.383457,10.5263154,0,2045.469,143.94577,495.5844,1.58
1773171714,k3s-worker-2,10.2564104,4.6153852,0,591.7617,878.2612,212.3702,2.48
1773171714,k3s-worker-3,53.768844,45.7286434,0,541.5,98.38389,377.8082,0.17
1773171717,k3s-control,46.7948725,8.9743595,0,2048.473,176.6323,583.8589,1.7
1773171717,k3s-worker-2,10.8808295,5.1813472,0,595.8164,811.5268,209.9367,2.1
1773171717,k3s-worker-3,61,38.5,0,113.9375,52.50588,274.2078,0.17
1773171719,k3s-control,65.5737704,9.0163931,1.6393443,2027.801,170.8427,541.3005,1.7
1773171719,k3s-worker-2,15.2439021,4.878049,0.6097561,589.7031,777.0111,200.1371,1.93
1773171719,k3s-worker-3,60.5,39.5,0,320.4531,43.38085,263.6374,0.32
1773171723,k3s-control,56.9343106,10.9489051,0,2034.652,78.49277,421.5564,1.56
1773171723,k3s-worker-2,16.1290322,7.7419351,16.1290322,588.7188,676.3716,185.775,1.93
1773171723,k3s-worker-3,57.5,42.5,0,268.3359,63.11746,275.4679,0.32
1773171726,k3s-control,42.767299,7.5471698,0.6289308,2053.566,108.04216,488.2081,1.56
1773171726,k3s-worker-2,13.1034479,9.6551719,1.3793103,584.9648,694.3822,476.1072,1.78
1773171726,k3s-worker-3,59.5,40.5,0,373.3203,23.01495,233.4302,0.45
1773171729,k3s-control,49.6688741,7.9470207,0,2036.848,128.76527,447.3589,1.44
1773171729,k3s-worker-2,9.4736839,4.736842,1.5789474,581.5625,676.0252,185.5492,1.78
1773171729,k3s-worker-3,60.30151,39.69849,0,468.4727,65.02493,270.9339,0.58
1773171732,k3s-control,64.7058825,12.6050425,0,2035.941,176.3824,564.546,1.32
1773171732,k3s-worker-2,9.7297301,5.9459461,2.162162,581.5586,711.9591,189.6104,1.63
1773171732,k3s-worker-3,59.79899,40.20101,0,365.5352,74.70828,285.626,0.58
1773171734,k3s-control,30.1675991,8.9385467,1.6759776,2050.074,252.258,694.4149,1.32
1773171734,k3s-worker-2,11.3513512,5.9459461,0,581.5586,705.238,174.264,1.63
1773171734,k3s-worker-3,60.5,39,0,518.1055,62.79123,287.7407,0.58
1773171737,k3s-control,52.4475498,9.090909,0,2056.242,177.2901,518.7667,1.32
1773171737,k3s-worker-2,11.25,6.25,0,585.4258,730.2403,221.2726,1.63
1773171737,k3s-worker-3,61,39,0,380.6133,57.39031,264.9385,0.69
1773171740,k3s-control,61.904759,10.3174598,0,2054.184,179.7682,542.9026,1.22
1773171740,k3s-worker-2,10.2040823,4.0816331,0,585.1914,704.4892,214.1147,1.58
1773171740,k3s-worker-3,60.6965185,38.8059691,0,510.5508,58.58826,260.888,0.69
1773171743,k3s-control,60.3174595,9.5238099,0,2053.199,172.724,536.9393,1.22
1773171743,k3s-worker-2,11.2299468,3.7433159,0.5347594,584.957,728.9266,205.2849,1.58
1773171743,k3s-worker-3,62,38,0,129.03516,70.28914,272.9511,0.8
1773171745,k3s-control,90,7,0,2052.711,210.4051,623.8946,1.03
1773171745,k3s-worker-2,12.1052634,4.2105262,0.5263158,584.957,683.5561,198.3732,1.46
1773171745,k3s-worker-3,61.30653,38.69347,0,528.4453,48.23857,260.0204,0.8
1773171748,k3s-control,40.0000012,6.1538462,0,2052.77,167.10226,585.8694,1.03
1773171748,k3s-worker-2,14.3835616,8.2191778,0,584.957,824.3247,153.49384,1.46
1773171748,k3s-worker-3,61.6915385,37.8109491,0,186.6211,18.49245,227.5476,0.89
1773171750,k3s-control,39.4871808,6.6666671,0,2050.863,176.8319,576.1898,1.03
1773171750,k3s-worker-2,14.1104293,5.5214721,0,584.8438,724.0482,168.2951,1.46
1773171750,k3s-worker-3,61.30653,38.69347,0,123.02734,58.83774,1180.5389,0.89
1773171752,k3s-control,37.9487204,7.6923081,0,2049.645,162.6907,570.0424,0.95
1773171752,k3s-worker-2,10.5820113,4.7619051,0,584.8438,811.3555,166.3432,1.23
1773171752,k3s-worker-3,60.6965185,38.8059691,0,100.4375,44.97779,496.9785,0.98
1773171754,k3s-control,38.6597912,7.7319592,0,2047.957,147.25814,513.8396,0.95
1773171754,k3s-worker-2,13.6363644,5.6818181,1.1363636,595.5508,676.0545,180.833,1.23
1773171754,k3s-worker-3,60,39.5,0,508.2148,52.0832,269.0938,0.98
1773171756,k3s-control,58.6734717,6.6326532,0,2041.371,154.05158,550.448,0.87
1773171756,k3s-worker-2,11.3772463,7.1856292,0,594.9844,630.2363,151.1456,1.13
1773171756,k3s-worker-3,60,40,0,438.8555,29.65163,243.1839,1.14
1773171759,k3s-control,48.9795924,7.1428573,0,2041.375,175.3746,591.7494,0.87
1773171759,k3s-worker-2,15.625,6.25,0,592.2305,870.0472,165.4009,1.13
1773171759,k3s-worker-3,59,41,0,210.9727,25.14215,233.4128,1.14
1773171761,k3s-control,43.2989688,7.2164948,0,2041.375,206.6775,653.7695,0.8
1773171761,k3s-worker-2,12.0481932,6.6265061,0,592.2305,761.7366,190.7213,1.13
1773171761,k3s-worker-3,61.69154,38.30846,0,344.3789,45.03246,255.0331,1.14
1773171763,k3s-control,43.0769206,7.6923081,0,2041.141,209.2125,612.8732,0.8
1773171763,k3s-worker-2,12.3595511,6.741573,0,593.5664,789.4244,196.0923,1.04
1773171763,k3s-worker-3,60.1990046,39.303483,0,227.7422,36.81142,248.7038,1.28
1773171765,k3s-control,43.8144297,7.216495,0.5154639,2046.105,153.97121,506.4576,0.8
1773171765,k3s-worker-2,11.1111113,6.1111111,0,591.6211,799.4711,156.53642,1.04
1773171765,k3s-worker-3,61.30653,38.69347,0,155.39844,75.55181,284.2232,1.28
1773171767,k3s-control,43.5233175,6.7357506,0,2045.078,144.26386,540.9322,1.38
1773171767,k3s-worker-2,13.3333328,7.2727269,0.6060606,596.2227,778.9711,176.7949,0.96
1773171767,k3s-worker-3,61.19403,38.80597,0,244.0078,43.48147,259.1843,1.28
1773171769,k3s-control,42.1319803,6.091371,0,2045.234,221.1629,614.9655,1.38
1773171769,k3s-worker-2,9.0909093,5.5555562,0,595.9883,722.4978,240.3373,0.96
1773171769,k3s-worker-3,60,39.5,0,495.7617,66.49791,278.0028,1.33
1773171771,k3s-control,40.512821,6.1538462,0.5128205,2043.738,176.1356,581.3929,1.38
1773171771,k3s-worker-2,14.6666665,7.3333328,1.9999999,595.7422,844.1288,214.5244,0.96
1773171771,k3s-worker-3,59.5,40,0,402,62.71955,267.3463,1.33
1773171773,k3s-control,42.0512804,7.6923081,0,2041.523,161.40275,625.2686,1.27
1773171773,k3s-worker-2,12.8654969,5.847953,0,595.7422,686.2759,156.81189,0.88
1773171773,k3s-worker-3,58,42,0,473.2734,37.64043,220.191,1.39
1773171776,k3s-control,58.6734693,6.6326529,0,2043.242,191.1122,644.9893,1.27
1773171776,k3s-worker-2,12.2093017,5.2325579,2.9069769,595.2539,784.4067,188.4471,0.88
1773171776,k3s-worker-3,61.01695,38.98305,0,105.61328,39.55729,226.3539,1.39
1773171778,k3s-control,42.2680414,7.7319592,0,2043.598,264.8897,741.5141,1.27
1773171778,k3s-worker-2,10.9826591,6.9364161,0.5780347,595.0078,948.9952,233.676,0.88
1773171778,k3s-worker-3,71.73913,28.26087,0,240.7227,41.74927,299.7302,1.44
1773171780,k3s-control,43.2291671,6.2499996,0,2042.371,201.156,612.2764,1.16
1773171780,k3s-worker-2,10.2272725,5.6818177,0,591.8086,833.2325,175.1467,0.89
1773171780,k3s-worker-3,64.4444452,33.3333327,0,485.9883,36.67985,279.4629,1.44
1773171782,k3s-control,39.9999994,8.7179489,1.025641,2043.156,198.3632,1040.6631,1.16
1773171782,k3s-worker-2,10.0529104,5.2910052,0.5291005,591.8086,725.071,207.6842,0.89
1773171782,k3s-worker-3,64.81481,35.18519,0,127.17969,33.05825,245.3913,1.44
1773171784,k3s-control,38.9743608,6.6666671,0,2042.43,145.92375,514.3845,1.16
1773171784,k3s-worker-2,10.5555557,6.1111108,0,596.4453,736.2692,172.393,0.880309
1773171784,k3s-worker-3,65,35,0,393.9219,41.72386,266.9347,1.5133166
1773171786,k3s-control,42.8571425,9.1836735,0,2041.945,190.1237,565.5202,0.98
1773171786,k3s-worker-2,68,30,0,597.0156,784.2956,1507.1062,0.82
1773171786,k3s-worker-3,60,40,0,474.3125,17.80009,216.9263,2.12
1773171789,k3s-control,46.7005108,7.6142131,0,2040.715,144.03726,552.6059,0.98
1773171789,k3s-worker-2,15.8227851,5.696203,0,595.5703,615.8106,194.9836,0.82
1773171789,k3s-worker-3,61.22449,38.77551,0,172.6016,38.29799,246.5335,2.12
1773171792,k3s-control,43.8775489,10.2040818,0,2045.332,167.56198,580.4517,0.91
1773171792,k3s-worker-2,11.560694,5.780347,0,595.5703,939.2912,180.9114,0.75
1773171792,k3s-worker-3,58.82353,41.17647,0,252.0898,43.38104,260.9755,2.35
1773171794,k3s-control,43.0051824,7.7720214,0,2045.332,131.56545,489.7191,0.91
1773171794,k3s-worker-2,17.361111,6.2500004,0,595.0781,725.7341,167.75133,0.75
1773171794,k3s-worker-3,66.07143,33.92857,0,512.0352,347.4242,256.8674,2.35
1773171796,k3s-control,47.7157392,8.1218269,0,2042.758,169.1237,572.5346,0.83
1773171796,k3s-worker-2,17.7304986,7.8014174,0,590.4297,795.7587,170.9042,0.64
1773171796,k3s-worker-3,66.66667,33.33333,0,234.1992,27.24679,214.4926,2.73
1773171799,k3s-control,53.6082469,8.7628865,0,2048.363,185.4541,601.6737,0.83
1773171799,k3s-worker-2,9.7435903,5.6410262,0,590.4297,773.038,212.0819,0.64
1773171799,k3s-worker-3,58,42,0,500.4258,35.81652,276.2183,2.73
1773171801,k3s-control,47.1794872,12.3076913,0,2045.789,201.7916,644.7895,0.83
1773171801,k3s-worker-2,10.7784431,5.988024,0,590.4297,908.4735,199.5375,0.64
1773171801,k3s-worker-3,57.69231,42.30769,0,100.52344,35.89102,282.1122,2.73
1773171803,k3s-control,44.2708313,7.2916672,0,2046.324,222.6137,648.1413,0.77
1773171803,k3s-worker-2,13.4969326,7.3619628,0,590.4297,714.003,203.4423,0.59
1773171803,k3s-worker-3,67.79661,32.20339,0,111.78906,26.79438,213.0581,2.83
1773171805,k3s-control,52.9411756,11.764705,0,2048.457,143.58371,511.6207,0.77
1773171805,k3s-worker-2,10.1063828,5.3191489,0,590.4297,730.1896,220.5444,0.54
1773171805,k3s-worker-3,61.5384618,36.5384611,0,200.6445,88.24393,273.7842,2.84
1773171808,k3s-control,70.9401709,11.1111111,0,2051.605,166.73823,526.2509,0.87
1773171808,k3s-worker-2,11.2820512,5.6410261,0,588.1367,773.209,219.8639,0.54
1773171808,k3s-worker-3,64.28571,35.71429,0,288.8125,44.47989,255.0093,2.84
1773171811,k3s-control,44.2307716,9.6153854,0,2056.707,247.8718,670.3924,0.87
1773171811,k3s-worker-2,9.2307685,3.5897438,1.5384614,587.8945,745.0138,214.8964,0.54
1773171811,k3s-worker-3,58,42,0,509.7852,57.19724,505.6223,2.84
1773171814,k3s-control,62.8099188,8.2644628,0,2049.32,161.6998,513.021,0.88
1773171814,k3s-worker-2,9.6938783,5.1020411,0,593.2305,776.5717,222.2779,0.5
1773171814,k3s-worker-3,61.1111088,37.0370393,0,289.0664,61.55523,919.3083,2.71
1773171816,k3s-control,42.4242402,7.070707,1.010101,2046.113,239.0658,687.4416,0.88
1773171816,k3s-worker-2,12.0418853,5.2356021,0.5235602,592.9844,824.2014,227.4823,0.5
1773171816,k3s-worker-3,57.692306,40.3846172,0,518.4258,86.25958,286.9097,2.71
1773171818,k3s-control,38.8571427,8.0000006,0,2046.199,224.3549,635.8097,0.81
1773171818,k3s-worker-2,9.6938775,4.0816328,0,596.0469,711.2554,186.9434,0.45
1773171818,k3s-worker-3,68.08511,31.91489,0,121.26953,35.67098,253.0039,2.65
1773171821,k3s-control,68.06723,10.92437,0,2044.055,199.3505,604.1686,0.81
1773171821,k3s-worker-2,9.1836726,4.5918368,0,594.3242,732.854,197.9511,0.45
1773171821,k3s-worker-3,61.2244924,36.7346915,0,181.0234,66.08198,277.6928,2.65
1773171823,k3s-control,93,6,0,2040.609,141.03123,475.3954,0.81
1773171823,k3s-worker-2,11.2820514,5.1282052,0,594.3242,797.348,223.1167,0.42
1773171823,k3s-worker-3,61.53846,38.46154,0,451.0234,99.23301,288.3704,2.6
1773171826,k3s-control,62.7118631,14.4067807,0,2044.812,282.846,677.1355,0.9
1773171826,k3s-worker-2,12.3711334,7.2164947,1.0309278,591.7695,775.7718,244.6873,0.42
1773171826,k3s-worker-3,65.71429,34.28571,0,510.8594,62.22659,282.9311,2.6
1773171828,k3s-control,72.1739127,9.5652174,0,2053.293,226.9157,583.2102,0.9
1773171828,k3s-worker-2,12.6903545,5.5837558,0,591.043,801.5849,245.4717,0.4379958
1773171828,k3s-worker-3,60.9756076,36.5853685,0,233.75,89.86928,350.2039,3.52
1773171831,k3s-control,68.5950414,9.0909092,0,2036.121,174.3161,535.8623,1.51
1773171831,k3s-worker-2,10.3092781,4.123711,0,590.8008,794.2476,242.9568,0.55
1773171831,k3s-worker-3,62,36,0,205.9492,84.80616,294.5424,3.52
1773171834,k3s-control,56.9343094,8.0291969,0,2035.641,195.8308,549.1661,1.51
1773171834,k3s-worker-2,10.2564105,5.1282052,0,590.3203,944.2186,290.2919,0.55
1773171834,k3s-worker-3,5.5248618,2.7624309,0,527.918,134.69323,378.7153,3.55
1773171837,k3s-control,30.7692301,7.692308,0,2036.871,222.8077,662.521,1.55
1773171837,k3s-worker-2,10.3092781,4.6391751,0,590.3203,885.3859,285.7338,0.5
1773171837,k3s-worker-3,6.1224493,2.0408161,0,559.418,101.53176,309.5614,3.55
1773171839,k3s-control,57.575759,11.3636358,0,2042.148,178.8112,547.4077,1.55
1773171839,k3s-worker-2,11.2820513,4.6153851,0.5128205,589.3359,770.3111,242.1629,0.5
1773171839,k3s-worker-3,6.6326532,3.0612241,0,574.8984,87.23054,291.9058,3.27
1773171842,k3s-control,44.9664428,8.7248325,0,2053.379,228.5413,1135.1469,1.91
1773171842,k3s-worker-2,9.7435904,5.1282052,0,589.0898,843.8327,269.4308,0.42
1773171842,k3s-worker-3,6.030151,2.512563,0,592.3789,97.61193,300.4847,3.27
1773171844,k3s-control,54.3478291,7.9710139,0,2053.379,171.6004,542.097,1.91
1773171844,k3s-worker-2,10.2040821,5.612245,0.5102041,586.1367,786.2764,228.5557,0.42
1773171844,k3s-worker-3,5.6122451,3.061224,0,607.7188,72.35195,301.5333,3.01
1773171847,k3s-control,63.0769203,8.461538,0,2055.785,142.04481,469.894,1.76
1773171847,k3s-worker-2,11.2820512,6.1538461,0.5128205,582.8008,755.5055,1018.63,0.39
1773171847,k3s-worker-3,6.565657,2.525253,0,609.6875,89.7585,287.8103,3.01
1773171849,k3s-control,33.5106388,6.3829788,0,2036.344,228.4089,617.3079,1.76
1773171849,k3s-worker-2,9.1836733,5.1020412,0,582.8008,790.7293,255.8266,0.39
1773171849,k3s-worker-3,5.5555561,2.525253,0,609.9336,85.73619,277.1276,2.77
1773171852,k3s-control,51.4619871,9.3567245,0,2036.109,260.9614,673.9608,1.69
1773171852,k3s-worker-2,9.84456,4.663212,2.072539,588.6914,874.3512,325.4509,0.39
1773171852,k3s-worker-3,5.6122451,3.061224,0,610.2656,119.22366,310.5629,2.77
1773171854,k3s-control,44.3298988,6.7010308,0,2039.375,179.9321,525.9195,1.69
1773171854,k3s-worker-2,11.2820511,5.6410261,1.025641,587.2148,809.6491,280.5075,0.36
1773171854,k3s-worker-3,8.1632652,4.0816331,0,624.0977,103.55624,304.4065,2.77
1773171856,k3s-control,47.9591823,9.1836734,0,2033.488,270.7188,696.2058,1.69
1773171856,k3s-worker-2,11.7346936,7.1428568,0.5102041,584.5078,813.8779,271.0553,0.36
1773171856,k3s-worker-3,5.5276382,3.0150751,0,621.3906,99.25738,296.908,2.54
1773171858,k3s-control,43.8144332,7.2164955,0,2033.488,225.6925,636.2257,1.56
1773171858,k3s-worker-2,11.282051,5.641026,1.5384615,584.5078,833.9895,285.6521,0.36
1773171858,k3s-worker-3,5.0761421,2.030457,0,621.3906,77.86349,265.4897,2.54
1773171860,k3s-control,44.6153809,7.1794871,0,2035.328,241.4435,638.759,1.56
1773171860,k3s-worker-2,9.2307694,5.6410262,0,584.5078,826.3374,283.3932,0.33
1773171860,k3s-worker-3,4.5454551,2.0202021,0,621.3906,84.63624,275.8564,2.34
1773171862,k3s-control,67.0050749,6.5989845,0,2035.117,205.9471,598.7964,1.56
1773171862,k3s-worker-2,9.2783512,5.1546391,0,584.5078,751.3378,241.541,0.33
1773171862,k3s-worker-3,5.0761422,3.0456851,0,628.3086,97.66517,287.0096,2.34
1773171864,k3s-control,37.2448988,8.1632647,0,2035.117,180.4725,541.3558,1.43
1773171864,k3s-worker-2,11.1111112,6.0606061,0,584.5078,792.5786,261.318,0.3
1773171864,k3s-worker-3,6.532663,3.015075,0,628.0625,78.20895,271.0305,2.34
1773171866,k3s-control,39.0862902,6.091371,0,2038.289,222.7721,608.5621,1.43
1773171866,k3s-worker-2,9.6938775,5.1020407,1.0204081,584.5078,768.711,270.6084,0.3
1773171866,k3s-worker-3,5.1020413,3.0612242,0,629.0938,104.10104,298.979,2.15
1773171868,k3s-control,39.4871804,7.6923081,0,2033.133,200.4685,632.5503,1.43
1773171868,k3s-worker-2,12.9943494,6.7796607,0.5649718,584.5078,776.9852,234.7034,0.3
1773171868,k3s-worker-3,5.0761418,2.5380709,0,627.9062,91.64846,281.6873,2.15
1773171870,k3s-control,37.0558402,6.091371,0,2040.559,146.56858,535.9541,1.4
1773171870,k3s-worker-2,11.6666671,6.111111,0,584.2656,798.4282,255.3108,0.28
1773171870,k3s-worker-3,7.1428572,2.5510201,0,627.9062,86.01719,290.9811,1.98
1773171872,k3s-control,64,6.5,0,2040.16,194.1505,583.4733,1.4
1773171872,k3s-worker-2,12.1019112,7.6433121,0,586.8125,763.1931,191.868,0.28
1773171872,k3s-worker-3,5.6122453,2.5510201,0,627.9062,69.43166,715.3437,1.98
1773171875,k3s-control,42.5641006,7.1794871,0,2039.621,145.81175,517.3285,1.29
1773171875,k3s-worker-2,10.752688,6.451613,0,586.8125,744.493,224.5514,0.28
1773171875,k3s-worker-3,5.1020413,2.5510201,0.5102041,627.6602,97.02054,302.9025,1.82
1773171877,k3s-control,42.7835088,7.2164948,0,2039.621,213.6062,622.477,1.29
1773171877,k3s-worker-2,22.8571411,14.2857147,0,587.6914,696.583,161.31008,0.24
1773171877,k3s-worker-3,4.5454551,3.030303,0,627.6602,38.92272,239.0832,1.82
1773171879,k3s-control,42.4870503,8.8082901,0,2039.301,146.8434,539.4778,1.29
1773171879,k3s-worker-2,10.3092779,5.154639,0,587.4727,727.2423,201.5999,0.24
1773171879,k3s-worker-3,5.0251258,3.0150749,0,627.6602,66.48036,260.4859,1.82
1773171881,k3s-control,41.2371121,6.1855673,0,2038.133,180.2042,592.6637,1.09
1773171881,k3s-worker-2,11.8343205,5.3254442,0,587.4727,786.0878,214.8812,0.22
1773171881,k3s-worker-3,5.0505051,3.030303,0,627.6602,52.26484,259.4842,1.68
1773171884,k3s-control,62.2448993,6.6326529,0,2037.16,135.38186,492.9455,1.09
1773171884,k3s-worker-2,9.8958333,5.7291672,0,587.2383,792.6241,240.9114,0.22
1773171884,k3s-worker-3,5.0505052,2.0202021,0,629.9492,82.29902,286.8743,1.68
1773171886,k3s-control,41.4507782,8.2901546,0,2035.191,125.17644,485.9505,1
1773171886,k3s-worker-2,16.4179098,8.9552239,0,587.5508,623.0714,184.4716,0.22
1773171886,k3s-worker-3,5.0505051,3.535354,0,632.6602,76.14784,275.5502,1.94
1773171889,k3s-control,45.8762888,6.7010308,0,2034.973,197.9505,604.1013,1
1773171889,k3s-worker-2,13.4969326,6.7484658,0,591.2344,659.0547,174.6466,0.2
1773171889,k3s-worker-3,6.0301508,2.0100499,0.5025126,632.4414,43.43133,238.6098,1.94
1773171891,k3s-control,48.7179512,7.1794872,0,2034.973,174.8971,577.2228,0.92
1773171891,k3s-worker-2,9.9415196,5.8479528,0,591.2344,784.6308,248.6058,0.2
1773171891,k3s-worker-3,6.5656569,4.040404,0,632.4414,84.73938,281.7881,1.94
1773171894,k3s-control,40.2061889,7.2164948,0,2034.973,145.21064,480.3912,0.92
1773171894,k3s-worker-2,16.3120562,8.5106376,0,591.2344,772.8582,190.3441,0.18
1773171894,k3s-worker-3,5.0761422,3.0456851,0,626.043,60.13954,256.1611,1.64
1773171896,k3s-control,42.7835071,7.7319585,0,2034.727,193.0422,623.5679,0.92
1773171896,k3s-worker-2,12.0689656,6.3218388,0,591.2344,716.1759,224.3107,0.18
1773171896,k3s-worker-3,7.070707,2.525253,0,626.043,70.33627,271.8212,1.64
1773171898,k3s-control,41.0256402,7.692308,0,2035.289,234.9105,645.1404,0.85
1773171898,k3s-worker-2,11.2244901,5.6122451,0,590.9883,821.819,266.7376,0.18
1773171898,k3s-worker-3,6.1224491,2.55102,0,625.7969,79.19176,288.0049,1.51
1773171900,k3s-control,39.2857118,6.6326533,0,2027.668,181.8925,614.6241,0.85
1773171900,k3s-worker-2,11.9760475,7.1856287,0,588.5859,809.7855,215.634,0.25
1773171900,k3s-worker-3,4.5918372,3.5714291,0,625.7969,64.92586,265.9228,1.51
1773171903,k3s-control,71.0743805,8.2644631,0,2027.668,117.70616,493.7226,1.18
1773171903,k3s-worker-2,12.8834358,5.5214719,0,586.6172,635.5519,175.7173,0.23
1773171903,k3s-worker-3,5.102041,3.571429,0,625.0586,107.30806,301.4207,1.39
1773171906,k3s-control,84.5454543,5.4545453,0,2027.176,185.5424,565.1986,1.18
1773171906,k3s-worker-2,15.7894741,9.7744361,0,584.6523,810.8569,512.9651,0.23
1773171906,k3s-worker-3,7.070707,2.525253,0,624.8125,31.59574,235.2701,1.28
1773171909,k3s-control,40.5128212,5.6410262,0,2040.078,121.93523,499.5317,1.25
1773171909,k3s-worker-2,22.1311496,9.0163929,1.6393443,580.2539,581.7101,159.60998,0.29
1773171909,k3s-worker-3,5.5837562,2.5380711,0,623.8281,46.65771,246.4249,1.28
1773171911,k3s-control,48.0000001,9.333333,0,2031.973,164.68403,541.3929,1.25
1773171911,k3s-worker-2,10.2040823,5.1020411,0,580.2539,726.4898,230.8293,0.29
1773171911,k3s-worker-3,5.6122453,2.5510201,0,623.3359,84.26871,276.6219,1.18
1773171914,k3s-control,60.7407408,8.1481481,0,2031.973,145.97858,475.5667,1.14
1773171914,k3s-worker-2,9.7938143,5.1546392,0,580.2539,791.7752,193.4038,0.3644743
1773171914,k3s-worker-3,6.5656568,5.0505049,0,615.4609,78.92992,276.1494,1.18
1773171917,k3s-control,91.0891091,7.9207919,0,2029.02,107.16276,457.8977,1.14
1773171917,k3s-worker-2,13.8554223,6.6265062,0,587.0938,595.0696,157.10116,0.83
1773171917,k3s-worker-3,5.5276379,2.512563,0,615.4609,62.3137,257.1171,1.08
1773171920,k3s-control,58.2677152,12.598424,0,2032.621,207.0761,604.0085,1.53
1773171920,k3s-worker-2,11.3513514,4.3243242,0.5405405,586.8477,775.2642,229.7266,0.7
1773171920,k3s-worker-3,5.0505051,2.5252531,0,615.4609,93.12071,289.5253,1.08
1773171923,k3s-control,57.4626879,8.2089547,0,2031.281,157.15426,554.4968,1.53
1773171923,k3s-worker-2,10.5263161,5.7894741,1.0526316,586.8477,614.8364,162.57501,0.7
1773171923,k3s-worker-3,6.5989853,2.5380711,0,615.4609,57.07528,250.8584,1
1773171926,k3s-control,66.4,9.6,0,2031.062,135.75831,512.0978,1.77
1773171926,k3s-worker-2,10.3448274,5.1724137,2.2988509,586.8477,696.9473,198.7579,0.64
1773171926,k3s-worker-3,6.0301508,2.5125629,0,615.4609,66.27321,256.7695,1
1773171928,k3s-control,53.7931015,8.9655172,0,2032.008,156.8833,506.7783,1.77
1773171928,k3s-worker-2,12.7272728,7.8787879,0,590.3359,700.0968,181.2672,0.64
1773171928,k3s-worker-3,5.5837559,3.045685,0,615.4609,65.29645,261.656,0.91
1773171931,k3s-control,91.0891091,7.9207919,0,2040.07,154.1648,530.2214,1.95
1773171931,k3s-worker-2,12.0418853,4.7120421,0,590.0898,785.4103,223.3533,0.59
1773171931,k3s-worker-3,9.5477388,5.5276379,0,615.4609,105.71922,2029.119,0.91
1773171934,k3s-control,44.5783121,6.6265063,0,2051.305,156.69788,552.4018,1.95
1773171934,k3s-worker-2,13.8364783,6.2893082,0,585.168,690.0764,189.9152,0.59
1773171934,k3s-worker-3,5.0761421,2.030457,0,615.4609,75.93518,273.2533,0.9012426
1773171936,k3s-control,50.3311302,7.284768,0,2043.691,113.31015,486.0675,1.79
1773171936,k3s-worker-2,12.345679,7.407407,0,590.0938,814.0421,154.81981,0.54
1773171936,k3s-worker-3,6.0913711,4.568528,0,615.4609,43.01478,248.0315,0.84
1773171939,k3s-control,50.6849285,8.9041097,0,2041.988,153.23232,556.4861,1.79
1773171939,k3s-worker-2,12.3376619,7.792208,0,587.3594,597.0303,164.92747,0.54
1773171939,k3s-worker-3,6.0913711,2.030457,0,615.4609,52.76417,249.5622,0.84
1773171942,k3s-control,50.6666668,11.3333323,0,2031.93,139.43788,528.5632,1.81
1773171942,k3s-worker-2,10.3825135,4.9180327,0,587.3594,749.6008,204.4442,0.5
1773171942,k3s-worker-3,6.0913709,2.5380709,0,615.4609,81.05539,267.1727,0.77
1773171944,k3s-control,39.6226398,6.918239,0,2034.934,188.6183,581.6239,1.81
1773171944,k3s-worker-2,11.5183252,6.2827231,0.5235602,587.3594,782.9901,203.3475,0.5
1773171944,k3s-worker-3,5.5,2.5,0,620.7422,84.96746,278.2349,0.77
1773171947,k3s-control,52.083332,8.3333333,0.6944444,2040.887,169.6982,603.7356,2.22
1773171947,k3s-worker-2,15.2439027,6.7073173,0,584.6641,636.757,180.8318,0.46
1773171947,k3s-worker-3,5.5276381,3.517588,0,616.3516,50.38503,249.4594,0.71
1773171949,k3s-control,58.3333332,8.3333335,0,2044.016,157.17604,538.2483,2.22
1773171949,k3s-worker-2,8.6734692,5.1020411,0,583.6797,768.1218,227.6779,0.46
1773171949,k3s-worker-3,7.614213,2.030457,0,616.3516,77.84931,270.3379,0.71
