arm,arm_order,trial,phase_name,phase_kind,stress_profile,stress_target,decision_mode,expected_node,expected_node_match,placed_on_stress_target,snapshot_path,ranking_path,workload_cpu_m,workload_memory_mib,decision_total_score,decision_predicted_load,decision_base_predicted_load,decision_anomaly_risk,decision_cpu_request_fraction,decision_memory_request_fraction,decision_capacity_penalty,decision_prediction_source,pod_name,workload_type,node,scheduling_latency_s,startup_time_s,total_time_s,creation_time,scheduled_time,started_time,chosen_observed_cpu,chosen_relative_cpu,high_contention,chosen_label
custom,2,1,normal,normal,,,rank_and_pin,k3s-worker-2,1,,/Users/finleyaf/Documents/COMP3931 Individual Project/project_folder/scheduler-prediction/online/results/stage_b_fair_matched_baseline_20260427_135733/decision_artifacts/custom/cpu-pod-custom-normal-t1_snapshot.csv,/Users/finleyaf/Documents/COMP3931 Individual Project/project_folder/scheduler-prediction/online/results/stage_b_fair_matched_baseline_20260427_135733/decision_artifacts/custom/cpu-pod-custom-normal-t1_ranking.json,250.0,64.0,0.2349,0.261,0.136,0.0002,0.125,0.0326,0.125,model,cpu-pod-custom-normal-t1,cpu,k3s-worker-2,0.0,2.0,2.0,1777291164.0,1777291164.0,1777291166.0,10.0,1.2903,1,1
custom,2,1,normal,normal,,,rank_and_pin,k3s-worker-4,1,,/Users/finleyaf/Documents/COMP3931 Individual Project/project_folder/scheduler-prediction/online/results/stage_b_fair_matched_baseline_20260427_135733/decision_artifacts/custom/memory-pod-custom-normal-t1_snapshot.csv,/Users/finleyaf/Documents/COMP3931 Individual Project/project_folder/scheduler-prediction/online/results/stage_b_fair_matched_baseline_20260427_135733/decision_artifacts/custom/memory-pod-custom-normal-t1_ranking.json,100.0,256.0,0.2415,0.2642,0.1339,0.0375,0.05,0.1303,0.1303,model,memory-pod-custom-normal-t1,memory,k3s-worker-4,0.0,2.0,2.0,1777291268.0,1777291268.0,1777291270.0,10.0,1.1429,1,0
custom,2,1,normal,normal,,,rank_and_pin,k3s-worker-3,1,,/Users/finleyaf/Documents/COMP3931 Individual Project/project_folder/scheduler-prediction/online/results/stage_b_fair_matched_baseline_20260427_135733/decision_artifacts/custom/mixed-pod-custom-normal-t1_snapshot.csv,/Users/finleyaf/Documents/COMP3931 Individual Project/project_folder/scheduler-prediction/online/results/stage_b_fair_matched_baseline_20260427_135733/decision_artifacts/custom/mixed-pod-custom-normal-t1_ranking.json,200.0,128.0,0.2217,0.2463,0.1463,0.0,0.1,0.0651,0.1,model,mixed-pod-custom-normal-t1,mixed,k3s-worker-3,0.0,2.0,2.0,1777291393.0,1777291393.0,1777291395.0,11.0,0.9778,0,0
custom,2,1,stress_cpu,stress,cpu,k3s-worker-2,rank_and_pin,k3s-worker-2,1,1,/Users/finleyaf/Documents/COMP3931 Individual Project/project_folder/scheduler-prediction/online/results/stage_b_fair_matched_baseline_20260427_135733/decision_artifacts/custom/cpu-pod-custom-stress-cpu-t1_snapshot.csv,/Users/finleyaf/Documents/COMP3931 Individual Project/project_folder/scheduler-prediction/online/results/stage_b_fair_matched_baseline_20260427_135733/decision_artifacts/custom/cpu-pod-custom-stress-cpu-t1_ranking.json,250.0,64.0,0.2352,0.2613,0.1363,0.0,0.125,0.0326,0.125,model,cpu-pod-custom-stress-cpu-t1,cpu,k3s-worker-2,0.0,5.0,5.0,1777291502.0,1777291502.0,1777291507.0,49.0,2.7606,1,1
custom,2,1,stress_cpu,stress,cpu,k3s-worker-2,rank_and_pin,k3s-worker-3,1,0,/Users/finleyaf/Documents/COMP3931 Individual Project/project_folder/scheduler-prediction/online/results/stage_b_fair_matched_baseline_20260427_135733/decision_artifacts/custom/memory-pod-custom-stress-cpu-t1_snapshot.csv,/Users/finleyaf/Documents/COMP3931 Individual Project/project_folder/scheduler-prediction/online/results/stage_b_fair_matched_baseline_20260427_135733/decision_artifacts/custom/memory-pod-custom-stress-cpu-t1_ranking.json,100.0,256.0,0.2544,0.2827,0.1524,0.0,0.05,0.1303,0.1303,model,memory-pod-custom-stress-cpu-t1,memory,k3s-worker-3,0.0,2.0,2.0,1777291636.0,1777291636.0,1777291638.0,11.0,0.9778,0,0
custom,2,1,stress_cpu,stress,cpu,k3s-worker-2,rank_and_pin,k3s-worker-4,1,0,/Users/finleyaf/Documents/COMP3931 Individual Project/project_folder/scheduler-prediction/online/results/stage_b_fair_matched_baseline_20260427_135733/decision_artifacts/custom/mixed-pod-custom-stress-cpu-t1_snapshot.csv,/Users/finleyaf/Documents/COMP3931 Individual Project/project_folder/scheduler-prediction/online/results/stage_b_fair_matched_baseline_20260427_135733/decision_artifacts/custom/mixed-pod-custom-stress-cpu-t1_ranking.json,200.0,128.0,0.2416,0.2684,0.1684,0.0,0.1,0.0651,0.1,model,mixed-pod-custom-stress-cpu-t1,mixed,k3s-worker-4,0.0,1.0,1.0,1777291752.0,1777291752.0,1777291753.0,9.0,0.7059,0,0
custom,2,1,stress_memory,stress,memory,k3s-worker-3,rank_and_pin,k3s-worker-4,1,0,/Users/finleyaf/Documents/COMP3931 Individual Project/project_folder/scheduler-prediction/online/results/stage_b_fair_matched_baseline_20260427_135733/decision_artifacts/custom/cpu-pod-custom-stress-memory-t1_snapshot.csv,/Users/finleyaf/Documents/COMP3931 Individual Project/project_folder/scheduler-prediction/online/results/stage_b_fair_matched_baseline_20260427_135733/decision_artifacts/custom/cpu-pod-custom-stress-memory-t1_ranking.json,250.0,64.0,0.2523,0.2803,0.1553,0.0,0.125,0.0326,0.125,model,cpu-pod-custom-stress-memory-t1,cpu,k3s-worker-4,0.0,1.0,1.0,1777291892.0,1777291892.0,1777291893.0,24.0,1.0,0,0
custom,2,1,stress_memory,stress,memory,k3s-worker-3,rank_and_pin,k3s-worker-4,1,0,/Users/finleyaf/Documents/COMP3931 Individual Project/project_folder/scheduler-prediction/online/results/stage_b_fair_matched_baseline_20260427_135733/decision_artifacts/custom/memory-pod-custom-stress-memory-t1_snapshot.csv,/Users/finleyaf/Documents/COMP3931 Individual Project/project_folder/scheduler-prediction/online/results/stage_b_fair_matched_baseline_20260427_135733/decision_artifacts/custom/memory-pod-custom-stress-memory-t1_ranking.json,100.0,256.0,0.2624,0.2916,0.1613,0.0,0.05,0.1303,0.1303,model,memory-pod-custom-stress-memory-t1,memory,k3s-worker-4,0.0,1.0,1.0,1777291989.0,1777291989.0,1777291990.0,9.0,0.766,0,0
custom,2,1,stress_memory,stress,memory,k3s-worker-3,rank_and_pin,k3s-worker-4,1,0,/Users/finleyaf/Documents/COMP3931 Individual Project/project_folder/scheduler-prediction/online/results/stage_b_fair_matched_baseline_20260427_135733/decision_artifacts/custom/mixed-pod-custom-stress-memory-t1_snapshot.csv,/Users/finleyaf/Documents/COMP3931 Individual Project/project_folder/scheduler-prediction/online/results/stage_b_fair_matched_baseline_20260427_135733/decision_artifacts/custom/mixed-pod-custom-stress-memory-t1_ranking.json,200.0,128.0,0.2463,0.2737,0.1737,0.0,0.1,0.0651,0.1,model,mixed-pod-custom-stress-memory-t1,mixed,k3s-worker-4,0.0,2.0,2.0,1777292101.0,1777292101.0,1777292103.0,10.0,0.8163,0,0
custom,2,1,stress_mixed,stress,mixed,k3s-worker-4,rank_and_pin,k3s-worker-2,1,0,/Users/finleyaf/Documents/COMP3931 Individual Project/project_folder/scheduler-prediction/online/results/stage_b_fair_matched_baseline_20260427_135733/decision_artifacts/custom/cpu-pod-custom-stress-mixed-t1_snapshot.csv,/Users/finleyaf/Documents/COMP3931 Individual Project/project_folder/scheduler-prediction/online/results/stage_b_fair_matched_baseline_20260427_135733/decision_artifacts/custom/cpu-pod-custom-stress-mixed-t1_ranking.json,250.0,64.0,0.2876,0.3196,0.1946,0.0,0.125,0.0326,0.125,model,cpu-pod-custom-stress-mixed-t1,cpu,k3s-worker-2,1.0,1.0,2.0,1777292246.0,1777292247.0,1777292248.0,13.0,0.9286,0,0
custom,2,1,stress_mixed,stress,mixed,k3s-worker-4,rank_and_pin,k3s-worker-2,1,0,/Users/finleyaf/Documents/COMP3931 Individual Project/project_folder/scheduler-prediction/online/results/stage_b_fair_matched_baseline_20260427_135733/decision_artifacts/custom/memory-pod-custom-stress-mixed-t1_snapshot.csv,/Users/finleyaf/Documents/COMP3931 Individual Project/project_folder/scheduler-prediction/online/results/stage_b_fair_matched_baseline_20260427_135733/decision_artifacts/custom/memory-pod-custom-stress-mixed-t1_ranking.json,100.0,256.0,0.2829,0.3143,0.184,0.0,0.05,0.1303,0.1303,model,memory-pod-custom-stress-mixed-t1,memory,k3s-worker-2,0.0,2.0,2.0,1777292390.0,1777292390.0,1777292392.0,11.0,1.3333,1,1
custom,2,1,stress_mixed,stress,mixed,k3s-worker-4,rank_and_pin,k3s-worker-2,1,0,/Users/finleyaf/Documents/COMP3931 Individual Project/project_folder/scheduler-prediction/online/results/stage_b_fair_matched_baseline_20260427_135733/decision_artifacts/custom/mixed-pod-custom-stress-mixed-t1_snapshot.csv,/Users/finleyaf/Documents/COMP3931 Individual Project/project_folder/scheduler-prediction/online/results/stage_b_fair_matched_baseline_20260427_135733/decision_artifacts/custom/mixed-pod-custom-stress-mixed-t1_ranking.json,200.0,128.0,0.257,0.2856,0.1856,0.0,0.1,0.0651,0.1,model,mixed-pod-custom-stress-mixed-t1,mixed,k3s-worker-2,1.0,1.0,2.0,1777292479.0,1777292480.0,1777292481.0,12.0,1.0435,0,0
custom,1,2,normal,normal,,,rank_and_pin,k3s-worker-4,1,,/Users/finleyaf/Documents/COMP3931 Individual Project/project_folder/scheduler-prediction/online/results/stage_b_fair_matched_baseline_20260427_135733/decision_artifacts/custom/cpu-pod-custom-normal-t2_snapshot.csv,/Users/finleyaf/Documents/COMP3931 Individual Project/project_folder/scheduler-prediction/online/results/stage_b_fair_matched_baseline_20260427_135733/decision_artifacts/custom/cpu-pod-custom-normal-t2_ranking.json,250.0,64.0,0.4357,0.4841,0.3591,0.0,0.125,0.0326,0.125,model,cpu-pod-custom-normal-t2,cpu,k3s-worker-4,0.0,4.0,4.0,1777292558.0,1777292558.0,1777292562.0,30.0,1.0169,0,0
custom,1,2,normal,normal,,,rank_and_pin,k3s-worker-4,1,,/Users/finleyaf/Documents/COMP3931 Individual Project/project_folder/scheduler-prediction/online/results/stage_b_fair_matched_baseline_20260427_135733/decision_artifacts/custom/memory-pod-custom-normal-t2_snapshot.csv,/Users/finleyaf/Documents/COMP3931 Individual Project/project_folder/scheduler-prediction/online/results/stage_b_fair_matched_baseline_20260427_135733/decision_artifacts/custom/memory-pod-custom-normal-t2_ranking.json,100.0,256.0,0.3529,0.3921,0.2618,0.0,0.05,0.1303,0.1303,model,memory-pod-custom-normal-t2,memory,k3s-worker-4,0.0,2.0,2.0,1777292673.0,1777292673.0,1777292675.0,13.0,1.4054,1,1
custom,1,2,normal,normal,,,rank_and_pin,k3s-worker-4,1,,/Users/finleyaf/Documents/COMP3931 Individual Project/project_folder/scheduler-prediction/online/results/stage_b_fair_matched_baseline_20260427_135733/decision_artifacts/custom/mixed-pod-custom-normal-t2_snapshot.csv,/Users/finleyaf/Documents/COMP3931 Individual Project/project_folder/scheduler-prediction/online/results/stage_b_fair_matched_baseline_20260427_135733/decision_artifacts/custom/mixed-pod-custom-normal-t2_ranking.json,200.0,128.0,0.2863,0.3181,0.2181,0.0,0.1,0.0651,0.1,model,mixed-pod-custom-normal-t2,mixed,k3s-worker-4,0.0,2.0,2.0,1777292789.0,1777292789.0,1777292791.0,11.0,1.0732,0,0
custom,1,2,stress_cpu,stress,cpu,k3s-worker-3,rank_and_pin,k3s-worker-4,1,0,/Users/finleyaf/Documents/COMP3931 Individual Project/project_folder/scheduler-prediction/online/results/stage_b_fair_matched_baseline_20260427_135733/decision_artifacts/custom/cpu-pod-custom-stress-cpu-t2_snapshot.csv,/Users/finleyaf/Documents/COMP3931 Individual Project/project_folder/scheduler-prediction/online/results/stage_b_fair_matched_baseline_20260427_135733/decision_artifacts/custom/cpu-pod-custom-stress-cpu-t2_ranking.json,250.0,64.0,0.3237,0.3597,0.2347,0.0,0.125,0.0326,0.125,model,cpu-pod-custom-stress-cpu-t2,cpu,k3s-worker-4,0.0,1.0,1.0,1777292928.0,1777292928.0,1777292929.0,9.0,0.6792,0,0
custom,1,2,stress_cpu,stress,cpu,k3s-worker-3,rank_and_pin,k3s-worker-4,1,0,/Users/finleyaf/Documents/COMP3931 Individual Project/project_folder/scheduler-prediction/online/results/stage_b_fair_matched_baseline_20260427_135733/decision_artifacts/custom/memory-pod-custom-stress-cpu-t2_snapshot.csv,/Users/finleyaf/Documents/COMP3931 Individual Project/project_folder/scheduler-prediction/online/results/stage_b_fair_matched_baseline_20260427_135733/decision_artifacts/custom/memory-pod-custom-stress-cpu-t2_ranking.json,100.0,256.0,0.2796,0.3107,0.1804,0.0,0.05,0.1303,0.1303,model,memory-pod-custom-stress-cpu-t2,memory,k3s-worker-4,1.0,1.0,2.0,1777293014.0,1777293015.0,1777293016.0,10.0,0.8889,0,0
custom,1,2,stress_cpu,stress,cpu,k3s-worker-3,rank_and_pin,k3s-worker-4,1,0,/Users/finleyaf/Documents/COMP3931 Individual Project/project_folder/scheduler-prediction/online/results/stage_b_fair_matched_baseline_20260427_135733/decision_artifacts/custom/mixed-pod-custom-stress-cpu-t2_snapshot.csv,/Users/finleyaf/Documents/COMP3931 Individual Project/project_folder/scheduler-prediction/online/results/stage_b_fair_matched_baseline_20260427_135733/decision_artifacts/custom/mixed-pod-custom-stress-cpu-t2_ranking.json,200.0,128.0,0.2732,0.3035,0.2035,0.0,0.1,0.0651,0.1,model,mixed-pod-custom-stress-cpu-t2,mixed,k3s-worker-4,0.0,1.0,1.0,1777293125.0,1777293125.0,1777293126.0,11.0,0.9778,0,0
custom,1,2,stress_memory,stress,memory,k3s-worker-4,rank_and_pin,k3s-worker-4,1,1,/Users/finleyaf/Documents/COMP3931 Individual Project/project_folder/scheduler-prediction/online/results/stage_b_fair_matched_baseline_20260427_135733/decision_artifacts/custom/cpu-pod-custom-stress-memory-t2_snapshot.csv,/Users/finleyaf/Documents/COMP3931 Individual Project/project_folder/scheduler-prediction/online/results/stage_b_fair_matched_baseline_20260427_135733/decision_artifacts/custom/cpu-pod-custom-stress-memory-t2_ranking.json,250.0,64.0,0.2594,0.2882,0.1632,0.0,0.125,0.0326,0.125,model,cpu-pod-custom-stress-memory-t2,cpu,k3s-worker-4,0.0,8.0,8.0,1777293286.0,1777293286.0,1777293294.0,42.0,2.5846,1,1
custom,1,2,stress_memory,stress,memory,k3s-worker-4,rank_and_pin,k3s-worker-4,1,1,/Users/finleyaf/Documents/COMP3931 Individual Project/project_folder/scheduler-prediction/online/results/stage_b_fair_matched_baseline_20260427_135733/decision_artifacts/custom/memory-pod-custom-stress-memory-t2_snapshot.csv,/Users/finleyaf/Documents/COMP3931 Individual Project/project_folder/scheduler-prediction/online/results/stage_b_fair_matched_baseline_20260427_135733/decision_artifacts/custom/memory-pod-custom-stress-memory-t2_ranking.json,100.0,256.0,0.2913,0.3237,0.1934,0.0,0.05,0.1303,0.1303,model,memory-pod-custom-stress-memory-t2,memory,k3s-worker-4,0.0,7.0,7.0,1777293421.0,1777293421.0,1777293428.0,21.0,1.8667,1,1
custom,1,2,stress_memory,stress,memory,k3s-worker-4,rank_and_pin,k3s-worker-2,1,0,/Users/finleyaf/Documents/COMP3931 Individual Project/project_folder/scheduler-prediction/online/results/stage_b_fair_matched_baseline_20260427_135733/decision_artifacts/custom/mixed-pod-custom-stress-memory-t2_snapshot.csv,/Users/finleyaf/Documents/COMP3931 Individual Project/project_folder/scheduler-prediction/online/results/stage_b_fair_matched_baseline_20260427_135733/decision_artifacts/custom/mixed-pod-custom-stress-memory-t2_ranking.json,200.0,128.0,0.2989,0.3321,0.2321,0.0,0.1,0.0651,0.1,model,mixed-pod-custom-stress-memory-t2,mixed,k3s-worker-2,0.0,2.0,2.0,1777293510.0,1777293510.0,1777293512.0,11.0,1.2222,1,0
custom,1,2,stress_mixed,stress,mixed,raspberrypi,rank_and_pin,k3s-worker-2,1,0,/Users/finleyaf/Documents/COMP3931 Individual Project/project_folder/scheduler-prediction/online/results/stage_b_fair_matched_baseline_20260427_135733/decision_artifacts/custom/cpu-pod-custom-stress-mixed-t2_snapshot.csv,/Users/finleyaf/Documents/COMP3931 Individual Project/project_folder/scheduler-prediction/online/results/stage_b_fair_matched_baseline_20260427_135733/decision_artifacts/custom/cpu-pod-custom-stress-mixed-t2_ranking.json,250.0,64.0,0.3236,0.3596,0.2346,0.0,0.125,0.0326,0.125,model,cpu-pod-custom-stress-mixed-t2,cpu,k3s-worker-2,0.0,2.0,2.0,1777293651.0,1777293651.0,1777293653.0,11.0,0.6377,0,0
custom,1,2,stress_mixed,stress,mixed,raspberrypi,rank_and_pin,k3s-worker-2,1,0,/Users/finleyaf/Documents/COMP3931 Individual Project/project_folder/scheduler-prediction/online/results/stage_b_fair_matched_baseline_20260427_135733/decision_artifacts/custom/memory-pod-custom-stress-mixed-t2_snapshot.csv,/Users/finleyaf/Documents/COMP3931 Individual Project/project_folder/scheduler-prediction/online/results/stage_b_fair_matched_baseline_20260427_135733/decision_artifacts/custom/memory-pod-custom-stress-mixed-t2_ranking.json,100.0,256.0,0.3853,0.4281,0.2978,0.0,0.05,0.1303,0.1303,model,memory-pod-custom-stress-mixed-t2,memory,k3s-worker-2,2.0,3.0,5.0,1777293778.0,1777293780.0,1777293783.0,9.0,0.439,0,0
custom,1,2,stress_mixed,stress,mixed,raspberrypi,rank_and_pin,k3s-worker-4,1,0,/Users/finleyaf/Documents/COMP3931 Individual Project/project_folder/scheduler-prediction/online/results/stage_b_fair_matched_baseline_20260427_135733/decision_artifacts/custom/mixed-pod-custom-stress-mixed-t2_snapshot.csv,/Users/finleyaf/Documents/COMP3931 Individual Project/project_folder/scheduler-prediction/online/results/stage_b_fair_matched_baseline_20260427_135733/decision_artifacts/custom/mixed-pod-custom-stress-mixed-t2_ranking.json,200.0,128.0,0.3428,0.3809,0.2809,0.0,0.1,0.0651,0.1,model,mixed-pod-custom-stress-mixed-t2,mixed,k3s-worker-4,0.0,2.0,2.0,1777293894.0,1777293894.0,1777293896.0,12.0,1.2632,1,1
custom,2,3,normal,normal,,,rank_and_pin,k3s-worker-4,1,,/Users/finleyaf/Documents/COMP3931 Individual Project/project_folder/scheduler-prediction/online/results/stage_b_fair_matched_baseline_20260427_135733/decision_artifacts/custom/cpu-pod-custom-normal-t3_snapshot.csv,/Users/finleyaf/Documents/COMP3931 Individual Project/project_folder/scheduler-prediction/online/results/stage_b_fair_matched_baseline_20260427_135733/decision_artifacts/custom/cpu-pod-custom-normal-t3_ranking.json,250.0,64.0,0.3621,0.4023,0.2773,0.0,0.125,0.0326,0.125,model,cpu-pod-custom-normal-t3,cpu,k3s-worker-4,0.0,2.0,2.0,1777294043.0,1777294043.0,1777294045.0,10.0,0.8889,0,0
custom,2,3,normal,normal,,,rank_and_pin,k3s-worker-4,1,,/Users/finleyaf/Documents/COMP3931 Individual Project/project_folder/scheduler-prediction/online/results/stage_b_fair_matched_baseline_20260427_135733/decision_artifacts/custom/memory-pod-custom-normal-t3_snapshot.csv,/Users/finleyaf/Documents/COMP3931 Individual Project/project_folder/scheduler-prediction/online/results/stage_b_fair_matched_baseline_20260427_135733/decision_artifacts/custom/memory-pod-custom-normal-t3_ranking.json,100.0,256.0,0.3612,0.4014,0.2711,0.0,0.05,0.1303,0.1303,model,memory-pod-custom-normal-t3,memory,k3s-worker-4,0.0,2.0,2.0,1777294155.0,1777294155.0,1777294157.0,10.0,0.9091,0,0
custom,2,3,normal,normal,,,rank_and_pin,k3s-worker-4,1,,/Users/finleyaf/Documents/COMP3931 Individual Project/project_folder/scheduler-prediction/online/results/stage_b_fair_matched_baseline_20260427_135733/decision_artifacts/custom/mixed-pod-custom-normal-t3_snapshot.csv,/Users/finleyaf/Documents/COMP3931 Individual Project/project_folder/scheduler-prediction/online/results/stage_b_fair_matched_baseline_20260427_135733/decision_artifacts/custom/mixed-pod-custom-normal-t3_ranking.json,200.0,128.0,0.3453,0.3837,0.2837,0.0,0.1,0.0651,0.1,model,mixed-pod-custom-normal-t3,mixed,k3s-worker-4,0.0,2.0,2.0,1777294271.0,1777294271.0,1777294273.0,19.0,1.6522,1,1
custom,2,3,stress_cpu,stress,cpu,k3s-worker-4,rank_and_pin,k3s-worker-4,1,1,/Users/finleyaf/Documents/COMP3931 Individual Project/project_folder/scheduler-prediction/online/results/stage_b_fair_matched_baseline_20260427_135733/decision_artifacts/custom/cpu-pod-custom-stress-cpu-t3_snapshot.csv,/Users/finleyaf/Documents/COMP3931 Individual Project/project_folder/scheduler-prediction/online/results/stage_b_fair_matched_baseline_20260427_135733/decision_artifacts/custom/cpu-pod-custom-stress-cpu-t3_ranking.json,250.0,64.0,0.3761,0.4179,0.2929,0.0,0.125,0.0326,0.125,model,cpu-pod-custom-stress-cpu-t3,cpu,k3s-worker-4,1.0,9.0,10.0,1777294392.0,1777294393.0,1777294402.0,30.0,2.2222,1,1
custom,2,3,stress_cpu,stress,cpu,k3s-worker-4,rank_and_pin,k3s-worker-2,1,0,/Users/finleyaf/Documents/COMP3931 Individual Project/project_folder/scheduler-prediction/online/results/stage_b_fair_matched_baseline_20260427_135733/decision_artifacts/custom/memory-pod-custom-stress-cpu-t3_snapshot.csv,/Users/finleyaf/Documents/COMP3931 Individual Project/project_folder/scheduler-prediction/online/results/stage_b_fair_matched_baseline_20260427_135733/decision_artifacts/custom/memory-pod-custom-stress-cpu-t3_ranking.json,100.0,256.0,0.3778,0.4198,0.2895,0.0,0.05,0.1303,0.1303,model,memory-pod-custom-stress-cpu-t3,memory,k3s-worker-2,0.0,1.0,1.0,1777294518.0,1777294518.0,1777294519.0,22.0,1.5172,1,1
custom,2,3,stress_cpu,stress,cpu,k3s-worker-4,rank_and_pin,k3s-worker-2,1,0,/Users/finleyaf/Documents/COMP3931 Individual Project/project_folder/scheduler-prediction/online/results/stage_b_fair_matched_baseline_20260427_135733/decision_artifacts/custom/mixed-pod-custom-stress-cpu-t3_snapshot.csv,/Users/finleyaf/Documents/COMP3931 Individual Project/project_folder/scheduler-prediction/online/results/stage_b_fair_matched_baseline_20260427_135733/decision_artifacts/custom/mixed-pod-custom-stress-cpu-t3_ranking.json,200.0,128.0,0.3546,0.394,0.294,0.0,0.1,0.0651,0.1,model,mixed-pod-custom-stress-cpu-t3,mixed,k3s-worker-2,0.0,1.0,1.0,1777294629.0,1777294629.0,1777294630.0,10.0,1.0526,0,0
custom,2,3,stress_memory,stress,memory,raspberrypi,rank_and_pin,raspberrypi,1,1,/Users/finleyaf/Documents/COMP3931 Individual Project/project_folder/scheduler-prediction/online/results/stage_b_fair_matched_baseline_20260427_135733/decision_artifacts/custom/cpu-pod-custom-stress-memory-t3_snapshot.csv,/Users/finleyaf/Documents/COMP3931 Individual Project/project_folder/scheduler-prediction/online/results/stage_b_fair_matched_baseline_20260427_135733/decision_artifacts/custom/cpu-pod-custom-stress-memory-t3_ranking.json,250.0,64.0,0.3805,0.4228,0.3603,0.0,0.0625,0.0158,0.0625,model,cpu-pod-custom-stress-memory-t3,cpu,raspberrypi,0.0,,,1777294767.0,1777294767.0,,,,,
custom,2,3,stress_memory,stress,memory,raspberrypi,rank_and_pin,raspberrypi,1,1,/Users/finleyaf/Documents/COMP3931 Individual Project/project_folder/scheduler-prediction/online/results/stage_b_fair_matched_baseline_20260427_135733/decision_artifacts/custom/memory-pod-custom-stress-memory-t3_snapshot.csv,/Users/finleyaf/Documents/COMP3931 Individual Project/project_folder/scheduler-prediction/online/results/stage_b_fair_matched_baseline_20260427_135733/decision_artifacts/custom/memory-pod-custom-stress-memory-t3_ranking.json,100.0,256.0,0.3272,0.3636,0.3003,0.0,0.025,0.0633,0.0633,model,memory-pod-custom-stress-memory-t3,memory,raspberrypi,1.0,,,1777294827.0,1777294828.0,,29.0,1.9016,1,1
custom,2,3,stress_memory,stress,memory,raspberrypi,rank_and_pin,raspberrypi,1,1,/Users/finleyaf/Documents/COMP3931 Individual Project/project_folder/scheduler-prediction/online/results/stage_b_fair_matched_baseline_20260427_135733/decision_artifacts/custom/mixed-pod-custom-stress-memory-t3_snapshot.csv,/Users/finleyaf/Documents/COMP3931 Individual Project/project_folder/scheduler-prediction/online/results/stage_b_fair_matched_baseline_20260427_135733/decision_artifacts/custom/mixed-pod-custom-stress-memory-t3_ranking.json,200.0,128.0,0.312,0.3467,0.2967,0.0,0.05,0.0316,0.05,model,mixed-pod-custom-stress-memory-t3,mixed,raspberrypi,0.0,,,1777294915.0,1777294915.0,,19.0,1.3103,1,1
custom,2,3,stress_mixed,stress,mixed,k3s-worker-2,rank_and_pin,raspberrypi,1,0,/Users/finleyaf/Documents/COMP3931 Individual Project/project_folder/scheduler-prediction/online/results/stage_b_fair_matched_baseline_20260427_135733/decision_artifacts/custom/cpu-pod-custom-stress-mixed-t3_snapshot.csv,/Users/finleyaf/Documents/COMP3931 Individual Project/project_folder/scheduler-prediction/online/results/stage_b_fair_matched_baseline_20260427_135733/decision_artifacts/custom/cpu-pod-custom-stress-mixed-t3_ranking.json,250.0,64.0,0.3875,0.4305,0.368,0.0,0.0625,0.0158,0.0625,model,cpu-pod-custom-stress-mixed-t3,cpu,raspberrypi,0.0,,,1777295046.0,1777295046.0,,4.0,0.3333,0,0
custom,2,3,stress_mixed,stress,mixed,k3s-worker-2,rank_and_pin,k3s-worker-4,1,0,/Users/finleyaf/Documents/COMP3931 Individual Project/project_folder/scheduler-prediction/online/results/stage_b_fair_matched_baseline_20260427_135733/decision_artifacts/custom/memory-pod-custom-stress-mixed-t3_snapshot.csv,/Users/finleyaf/Documents/COMP3931 Individual Project/project_folder/scheduler-prediction/online/results/stage_b_fair_matched_baseline_20260427_135733/decision_artifacts/custom/memory-pod-custom-stress-mixed-t3_ranking.json,100.0,256.0,0.392,0.4356,0.3053,0.0,0.05,0.1303,0.1303,model,memory-pod-custom-stress-mixed-t3,memory,k3s-worker-4,0.0,1.0,1.0,1777295135.0,1777295135.0,1777295136.0,21.0,1.4,1,1
custom,2,3,stress_mixed,stress,mixed,k3s-worker-2,rank_and_pin,k3s-worker-4,1,0,/Users/finleyaf/Documents/COMP3931 Individual Project/project_folder/scheduler-prediction/online/results/stage_b_fair_matched_baseline_20260427_135733/decision_artifacts/custom/mixed-pod-custom-stress-mixed-t3_snapshot.csv,/Users/finleyaf/Documents/COMP3931 Individual Project/project_folder/scheduler-prediction/online/results/stage_b_fair_matched_baseline_20260427_135733/decision_artifacts/custom/mixed-pod-custom-stress-mixed-t3_ranking.json,200.0,128.0,0.3743,0.4159,0.3159,0.0,0.1,0.0651,0.1,model,mixed-pod-custom-stress-mixed-t3,mixed,k3s-worker-4,0.0,2.0,2.0,1777295220.0,1777295220.0,1777295222.0,10.0,1.2121,1,0
custom,1,4,normal,normal,,,rank_and_pin,k3s-worker-4,1,,/Users/finleyaf/Documents/COMP3931 Individual Project/project_folder/scheduler-prediction/online/results/stage_b_fair_matched_baseline_20260427_135733/decision_artifacts/custom/cpu-pod-custom-normal-t4_snapshot.csv,/Users/finleyaf/Documents/COMP3931 Individual Project/project_folder/scheduler-prediction/online/results/stage_b_fair_matched_baseline_20260427_135733/decision_artifacts/custom/cpu-pod-custom-normal-t4_ranking.json,250.0,64.0,0.3983,0.4426,0.3176,0.0,0.125,0.0326,0.125,model,cpu-pod-custom-normal-t4,cpu,k3s-worker-4,1.0,1.0,2.0,1777295287.0,1777295288.0,1777295289.0,10.0,1.1765,1,0
custom,1,4,normal,normal,,,rank_and_pin,k3s-worker-3,1,,/Users/finleyaf/Documents/COMP3931 Individual Project/project_folder/scheduler-prediction/online/results/stage_b_fair_matched_baseline_20260427_135733/decision_artifacts/custom/memory-pod-custom-normal-t4_snapshot.csv,/Users/finleyaf/Documents/COMP3931 Individual Project/project_folder/scheduler-prediction/online/results/stage_b_fair_matched_baseline_20260427_135733/decision_artifacts/custom/memory-pod-custom-normal-t4_ranking.json,100.0,256.0,0.3944,0.4382,0.3079,0.0,0.05,0.1303,0.1303,model,memory-pod-custom-normal-t4,memory,k3s-worker-3,0.0,2.0,2.0,1777295399.0,1777295399.0,1777295401.0,10.0,0.8889,0,0
custom,1,4,normal,normal,,,rank_and_pin,k3s-worker-4,1,,/Users/finleyaf/Documents/COMP3931 Individual Project/project_folder/scheduler-prediction/online/results/stage_b_fair_matched_baseline_20260427_135733/decision_artifacts/custom/mixed-pod-custom-normal-t4_snapshot.csv,/Users/finleyaf/Documents/COMP3931 Individual Project/project_folder/scheduler-prediction/online/results/stage_b_fair_matched_baseline_20260427_135733/decision_artifacts/custom/mixed-pod-custom-normal-t4_ranking.json,200.0,128.0,0.3705,0.4117,0.3117,0.0,0.1,0.0651,0.1,model,mixed-pod-custom-normal-t4,mixed,k3s-worker-4,0.0,1.0,1.0,1777295513.0,1777295513.0,1777295514.0,10.0,1.0,0,0
custom,1,4,stress_cpu,stress,cpu,raspberrypi,rank_and_pin,k3s-worker-4,1,0,/Users/finleyaf/Documents/COMP3931 Individual Project/project_folder/scheduler-prediction/online/results/stage_b_fair_matched_baseline_20260427_135733/decision_artifacts/custom/cpu-pod-custom-stress-cpu-t4_snapshot.csv,/Users/finleyaf/Documents/COMP3931 Individual Project/project_folder/scheduler-prediction/online/results/stage_b_fair_matched_baseline_20260427_135733/decision_artifacts/custom/cpu-pod-custom-stress-cpu-t4_ranking.json,250.0,64.0,0.3913,0.4348,0.3098,0.0,0.125,0.0326,0.125,model,cpu-pod-custom-stress-cpu-t4,cpu,k3s-worker-4,0.0,1.0,1.0,1777295656.0,1777295656.0,1777295657.0,9.0,0.973,0,0
custom,1,4,stress_cpu,stress,cpu,raspberrypi,rank_and_pin,k3s-worker-4,1,0,/Users/finleyaf/Documents/COMP3931 Individual Project/project_folder/scheduler-prediction/online/results/stage_b_fair_matched_baseline_20260427_135733/decision_artifacts/custom/memory-pod-custom-stress-cpu-t4_snapshot.csv,/Users/finleyaf/Documents/COMP3931 Individual Project/project_folder/scheduler-prediction/online/results/stage_b_fair_matched_baseline_20260427_135733/decision_artifacts/custom/memory-pod-custom-stress-cpu-t4_ranking.json,100.0,256.0,0.3963,0.4403,0.31,0.0,0.05,0.1303,0.1303,model,memory-pod-custom-stress-cpu-t4,memory,k3s-worker-4,0.0,2.0,2.0,1777295746.0,1777295746.0,1777295748.0,10.0,0.4706,0,0
custom,1,4,stress_cpu,stress,cpu,raspberrypi,rank_and_pin,k3s-worker-4,1,0,/Users/finleyaf/Documents/COMP3931 Individual Project/project_folder/scheduler-prediction/online/results/stage_b_fair_matched_baseline_20260427_135733/decision_artifacts/custom/mixed-pod-custom-stress-cpu-t4_snapshot.csv,/Users/finleyaf/Documents/COMP3931 Individual Project/project_folder/scheduler-prediction/online/results/stage_b_fair_matched_baseline_20260427_135733/decision_artifacts/custom/mixed-pod-custom-stress-cpu-t4_ranking.json,200.0,128.0,0.3669,0.4077,0.3077,0.0,0.1,0.0651,0.1,model,mixed-pod-custom-stress-cpu-t4,mixed,k3s-worker-4,0.0,1.0,1.0,1777295858.0,1777295858.0,1777295859.0,9.0,1.0286,0,0
custom,1,4,stress_memory,stress,memory,k3s-worker-2,rank_and_pin,k3s-worker-2,1,1,/Users/finleyaf/Documents/COMP3931 Individual Project/project_folder/scheduler-prediction/online/results/stage_b_fair_matched_baseline_20260427_135733/decision_artifacts/custom/cpu-pod-custom-stress-memory-t4_snapshot.csv,/Users/finleyaf/Documents/COMP3931 Individual Project/project_folder/scheduler-prediction/online/results/stage_b_fair_matched_baseline_20260427_135733/decision_artifacts/custom/cpu-pod-custom-stress-memory-t4_ranking.json,250.0,64.0,0.3331,0.3701,0.2451,0.0,0.125,0.0326,0.125,model,cpu-pod-custom-stress-memory-t4,cpu,k3s-worker-2,0.0,2.0,2.0,1777296002.0,1777296002.0,1777296004.0,41.0,2.5231,1,1
custom,1,4,stress_memory,stress,memory,k3s-worker-2,rank_and_pin,k3s-worker-2,1,1,/Users/finleyaf/Documents/COMP3931 Individual Project/project_folder/scheduler-prediction/online/results/stage_b_fair_matched_baseline_20260427_135733/decision_artifacts/custom/memory-pod-custom-stress-memory-t4_snapshot.csv,/Users/finleyaf/Documents/COMP3931 Individual Project/project_folder/scheduler-prediction/online/results/stage_b_fair_matched_baseline_20260427_135733/decision_artifacts/custom/memory-pod-custom-stress-memory-t4_ranking.json,100.0,256.0,0.3475,0.3861,0.2558,0.0,0.05,0.1303,0.1303,model,memory-pod-custom-stress-memory-t4,memory,k3s-worker-2,0.0,10.0,10.0,1777296114.0,1777296114.0,1777296124.0,22.0,1.6604,1,1
custom,1,4,stress_memory,stress,memory,k3s-worker-2,rank_and_pin,k3s-worker-3,1,0,/Users/finleyaf/Documents/COMP3931 Individual Project/project_folder/scheduler-prediction/online/results/stage_b_fair_matched_baseline_20260427_135733/decision_artifacts/custom/mixed-pod-custom-stress-memory-t4_snapshot.csv,/Users/finleyaf/Documents/COMP3931 Individual Project/project_folder/scheduler-prediction/online/results/stage_b_fair_matched_baseline_20260427_135733/decision_artifacts/custom/mixed-pod-custom-stress-memory-t4_ranking.json,200.0,128.0,0.3775,0.4195,0.3195,0.0,0.1,0.0651,0.1,model,mixed-pod-custom-stress-memory-t4,mixed,k3s-worker-3,0.0,1.0,1.0,1777296213.0,1777296213.0,1777296214.0,18.0,1.5,1,1
custom,1,4,stress_mixed,stress,mixed,k3s-worker-3,rank_and_pin,k3s-worker-2,1,0,/Users/finleyaf/Documents/COMP3931 Individual Project/project_folder/scheduler-prediction/online/results/stage_b_fair_matched_baseline_20260427_135733/decision_artifacts/custom/cpu-pod-custom-stress-mixed-t4_snapshot.csv,/Users/finleyaf/Documents/COMP3931 Individual Project/project_folder/scheduler-prediction/online/results/stage_b_fair_matched_baseline_20260427_135733/decision_artifacts/custom/cpu-pod-custom-stress-mixed-t4_ranking.json,250.0,64.0,0.3756,0.4173,0.2923,0.0,0.125,0.0326,0.125,model,cpu-pod-custom-stress-mixed-t4,cpu,k3s-worker-2,0.0,2.0,2.0,1777296362.0,1777296362.0,1777296364.0,12.0,0.5333,0,0
custom,1,4,stress_mixed,stress,mixed,k3s-worker-3,rank_and_pin,k3s-worker-2,1,0,/Users/finleyaf/Documents/COMP3931 Individual Project/project_folder/scheduler-prediction/online/results/stage_b_fair_matched_baseline_20260427_135733/decision_artifacts/custom/memory-pod-custom-stress-mixed-t4_snapshot.csv,/Users/finleyaf/Documents/COMP3931 Individual Project/project_folder/scheduler-prediction/online/results/stage_b_fair_matched_baseline_20260427_135733/decision_artifacts/custom/memory-pod-custom-stress-mixed-t4_ranking.json,100.0,256.0,0.3234,0.3594,0.2291,0.0,0.05,0.1303,0.1303,model,memory-pod-custom-stress-mixed-t4,memory,k3s-worker-2,0.0,2.0,2.0,1777296488.0,1777296488.0,1777296490.0,10.0,0.8511,0,0
custom,1,4,stress_mixed,stress,mixed,k3s-worker-3,rank_and_pin,k3s-worker-2,1,0,/Users/finleyaf/Documents/COMP3931 Individual Project/project_folder/scheduler-prediction/online/results/stage_b_fair_matched_baseline_20260427_135733/decision_artifacts/custom/mixed-pod-custom-stress-mixed-t4_snapshot.csv,/Users/finleyaf/Documents/COMP3931 Individual Project/project_folder/scheduler-prediction/online/results/stage_b_fair_matched_baseline_20260427_135733/decision_artifacts/custom/mixed-pod-custom-stress-mixed-t4_ranking.json,200.0,128.0,0.3158,0.3509,0.2509,0.0,0.1,0.0651,0.1,model,mixed-pod-custom-stress-mixed-t4,mixed,k3s-worker-2,0.0,2.0,2.0,1777296599.0,1777296599.0,1777296601.0,10.0,1.0256,0,0
custom,2,5,normal,normal,,,rank_and_pin,k3s-worker-3,1,,/Users/finleyaf/Documents/COMP3931 Individual Project/project_folder/scheduler-prediction/online/results/stage_b_fair_matched_baseline_20260427_135733/decision_artifacts/custom/cpu-pod-custom-normal-t5_snapshot.csv,/Users/finleyaf/Documents/COMP3931 Individual Project/project_folder/scheduler-prediction/online/results/stage_b_fair_matched_baseline_20260427_135733/decision_artifacts/custom/cpu-pod-custom-normal-t5_ranking.json,250.0,64.0,0.3753,0.417,0.292,0.0,0.125,0.0326,0.125,model,cpu-pod-custom-normal-t5,cpu,k3s-worker-3,0.0,1.0,1.0,1777296756.0,1777296756.0,1777296757.0,37.0,1.3214,1,1
custom,2,5,normal,normal,,,rank_and_pin,k3s-worker-3,1,,/Users/finleyaf/Documents/COMP3931 Individual Project/project_folder/scheduler-prediction/online/results/stage_b_fair_matched_baseline_20260427_135733/decision_artifacts/custom/memory-pod-custom-normal-t5_snapshot.csv,/Users/finleyaf/Documents/COMP3931 Individual Project/project_folder/scheduler-prediction/online/results/stage_b_fair_matched_baseline_20260427_135733/decision_artifacts/custom/memory-pod-custom-normal-t5_ranking.json,100.0,256.0,0.387,0.43,0.2997,0.0,0.05,0.1303,0.1303,model,memory-pod-custom-normal-t5,memory,k3s-worker-3,0.0,1.0,1.0,1777296884.0,1777296884.0,1777296885.0,18.0,1.7143,1,1
custom,2,5,normal,normal,,,rank_and_pin,k3s-worker-4,1,,/Users/finleyaf/Documents/COMP3931 Individual Project/project_folder/scheduler-prediction/online/results/stage_b_fair_matched_baseline_20260427_135733/decision_artifacts/custom/mixed-pod-custom-normal-t5_snapshot.csv,/Users/finleyaf/Documents/COMP3931 Individual Project/project_folder/scheduler-prediction/online/results/stage_b_fair_matched_baseline_20260427_135733/decision_artifacts/custom/mixed-pod-custom-normal-t5_ranking.json,200.0,128.0,0.3713,0.4126,0.3126,0.0,0.1,0.0651,0.1,model,mixed-pod-custom-normal-t5,mixed,k3s-worker-4,0.0,2.0,2.0,1777296996.0,1777296996.0,1777296998.0,11.0,1.1892,1,0
custom,2,5,stress_cpu,stress,cpu,k3s-worker-2,rank_and_pin,k3s-worker-3,1,0,/Users/finleyaf/Documents/COMP3931 Individual Project/project_folder/scheduler-prediction/online/results/stage_b_fair_matched_baseline_20260427_135733/decision_artifacts/custom/cpu-pod-custom-stress-cpu-t5_snapshot.csv,/Users/finleyaf/Documents/COMP3931 Individual Project/project_folder/scheduler-prediction/online/results/stage_b_fair_matched_baseline_20260427_135733/decision_artifacts/custom/cpu-pod-custom-stress-cpu-t5_ranking.json,250.0,64.0,0.3911,0.4345,0.3095,0.0,0.125,0.0326,0.125,model,cpu-pod-custom-stress-cpu-t5,cpu,k3s-worker-3,0.0,2.0,2.0,1777297105.0,1777297105.0,1777297107.0,10.0,0.8696,0,0
custom,2,5,stress_cpu,stress,cpu,k3s-worker-2,rank_and_pin,k3s-worker-4,1,0,/Users/finleyaf/Documents/COMP3931 Individual Project/project_folder/scheduler-prediction/online/results/stage_b_fair_matched_baseline_20260427_135733/decision_artifacts/custom/memory-pod-custom-stress-cpu-t5_snapshot.csv,/Users/finleyaf/Documents/COMP3931 Individual Project/project_folder/scheduler-prediction/online/results/stage_b_fair_matched_baseline_20260427_135733/decision_artifacts/custom/memory-pod-custom-stress-cpu-t5_ranking.json,100.0,256.0,0.3706,0.4118,0.2815,0.0,0.05,0.1303,0.1303,model,memory-pod-custom-stress-cpu-t5,memory,k3s-worker-4,0.0,2.0,2.0,1777297229.0,1777297229.0,1777297231.0,9.0,0.766,0,0
custom,2,5,stress_cpu,stress,cpu,k3s-worker-2,rank_and_pin,k3s-worker-3,1,0,/Users/finleyaf/Documents/COMP3931 Individual Project/project_folder/scheduler-prediction/online/results/stage_b_fair_matched_baseline_20260427_135733/decision_artifacts/custom/mixed-pod-custom-stress-cpu-t5_snapshot.csv,/Users/finleyaf/Documents/COMP3931 Individual Project/project_folder/scheduler-prediction/online/results/stage_b_fair_matched_baseline_20260427_135733/decision_artifacts/custom/mixed-pod-custom-stress-cpu-t5_ranking.json,200.0,128.0,0.3655,0.4061,0.3061,0.0,0.1,0.0651,0.1,model,mixed-pod-custom-stress-cpu-t5,mixed,k3s-worker-3,0.0,1.0,1.0,1777297339.0,1777297339.0,1777297340.0,32.0,2.2069,1,1
custom,2,5,stress_memory,stress,memory,k3s-worker-3,rank_and_pin,k3s-worker-2,1,0,/Users/finleyaf/Documents/COMP3931 Individual Project/project_folder/scheduler-prediction/online/results/stage_b_fair_matched_baseline_20260427_135733/decision_artifacts/custom/cpu-pod-custom-stress-memory-t5_snapshot.csv,/Users/finleyaf/Documents/COMP3931 Individual Project/project_folder/scheduler-prediction/online/results/stage_b_fair_matched_baseline_20260427_135733/decision_artifacts/custom/cpu-pod-custom-stress-memory-t5_ranking.json,250.0,64.0,0.3919,0.4354,0.3104,0.0,0.125,0.0326,0.125,model,cpu-pod-custom-stress-memory-t5,cpu,k3s-worker-2,0.0,2.0,2.0,1777297495.0,1777297495.0,1777297497.0,11.0,0.8627,0,0
custom,2,5,stress_memory,stress,memory,k3s-worker-3,rank_and_pin,k3s-worker-2,1,0,/Users/finleyaf/Documents/COMP3931 Individual Project/project_folder/scheduler-prediction/online/results/stage_b_fair_matched_baseline_20260427_135733/decision_artifacts/custom/memory-pod-custom-stress-memory-t5_snapshot.csv,/Users/finleyaf/Documents/COMP3931 Individual Project/project_folder/scheduler-prediction/online/results/stage_b_fair_matched_baseline_20260427_135733/decision_artifacts/custom/memory-pod-custom-stress-memory-t5_ranking.json,100.0,256.0,0.4013,0.4459,0.3156,0.0,0.05,0.1303,0.1303,model,memory-pod-custom-stress-memory-t5,memory,k3s-worker-2,0.0,1.0,1.0,1777297590.0,1777297590.0,1777297591.0,10.0,0.8889,0,0
custom,2,5,stress_memory,stress,memory,k3s-worker-3,rank_and_pin,k3s-worker-3,1,1,/Users/finleyaf/Documents/COMP3931 Individual Project/project_folder/scheduler-prediction/online/results/stage_b_fair_matched_baseline_20260427_135733/decision_artifacts/custom/mixed-pod-custom-stress-memory-t5_snapshot.csv,/Users/finleyaf/Documents/COMP3931 Individual Project/project_folder/scheduler-prediction/online/results/stage_b_fair_matched_baseline_20260427_135733/decision_artifacts/custom/mixed-pod-custom-stress-memory-t5_ranking.json,200.0,128.0,0.3403,0.3781,0.2781,0.0,0.1,0.0651,0.1,model,mixed-pod-custom-stress-memory-t5,mixed,k3s-worker-3,0.0,2.0,2.0,1777297703.0,1777297703.0,1777297705.0,12.0,1.3714,1,1
custom,2,5,stress_mixed,stress,mixed,k3s-worker-4,rank_and_pin,k3s-worker-3,1,0,/Users/finleyaf/Documents/COMP3931 Individual Project/project_folder/scheduler-prediction/online/results/stage_b_fair_matched_baseline_20260427_135733/decision_artifacts/custom/cpu-pod-custom-stress-mixed-t5_snapshot.csv,/Users/finleyaf/Documents/COMP3931 Individual Project/project_folder/scheduler-prediction/online/results/stage_b_fair_matched_baseline_20260427_135733/decision_artifacts/custom/cpu-pod-custom-stress-mixed-t5_ranking.json,250.0,64.0,0.3616,0.4018,0.2768,0.0,0.125,0.0326,0.125,model,cpu-pod-custom-stress-mixed-t5,cpu,k3s-worker-3,0.0,2.0,2.0,1777297847.0,1777297847.0,1777297849.0,16.0,0.7901,0,0
custom,2,5,stress_mixed,stress,mixed,k3s-worker-4,rank_and_pin,k3s-worker-2,1,0,/Users/finleyaf/Documents/COMP3931 Individual Project/project_folder/scheduler-prediction/online/results/stage_b_fair_matched_baseline_20260427_135733/decision_artifacts/custom/memory-pod-custom-stress-mixed-t5_snapshot.csv,/Users/finleyaf/Documents/COMP3931 Individual Project/project_folder/scheduler-prediction/online/results/stage_b_fair_matched_baseline_20260427_135733/decision_artifacts/custom/memory-pod-custom-stress-mixed-t5_ranking.json,100.0,256.0,0.3763,0.4181,0.2878,0.0,0.05,0.1303,0.1303,model,memory-pod-custom-stress-mixed-t5,memory,k3s-worker-2,0.0,2.0,2.0,1777297974.0,1777297974.0,1777297976.0,10.0,0.7547,0,0
custom,2,5,stress_mixed,stress,mixed,k3s-worker-4,rank_and_pin,k3s-worker-4,1,1,/Users/finleyaf/Documents/COMP3931 Individual Project/project_folder/scheduler-prediction/online/results/stage_b_fair_matched_baseline_20260427_135733/decision_artifacts/custom/mixed-pod-custom-stress-mixed-t5_snapshot.csv,/Users/finleyaf/Documents/COMP3931 Individual Project/project_folder/scheduler-prediction/online/results/stage_b_fair_matched_baseline_20260427_135733/decision_artifacts/custom/mixed-pod-custom-stress-mixed-t5_ranking.json,200.0,128.0,0.3394,0.3771,0.2771,0.0,0.1,0.0651,0.1,model,mixed-pod-custom-stress-mixed-t5,mixed,k3s-worker-4,0.0,1.0,1.0,1777298058.0,1777298058.0,1777298059.0,14.0,1.2727,1,1
custom,1,6,normal,normal,,,rank_and_pin,k3s-worker-4,1,,/Users/finleyaf/Documents/COMP3931 Individual Project/project_folder/scheduler-prediction/online/results/stage_b_fair_matched_baseline_20260427_135733/decision_artifacts/custom/cpu-pod-custom-normal-t6_snapshot.csv,/Users/finleyaf/Documents/COMP3931 Individual Project/project_folder/scheduler-prediction/online/results/stage_b_fair_matched_baseline_20260427_135733/decision_artifacts/custom/cpu-pod-custom-normal-t6_ranking.json,250.0,64.0,0.3594,0.3993,0.2743,0.0,0.125,0.0326,0.125,model,cpu-pod-custom-normal-t6,cpu,k3s-worker-4,0.0,2.0,2.0,1777298124.0,1777298124.0,1777298126.0,10.0,1.25,1,1
custom,1,6,normal,normal,,,rank_and_pin,k3s-worker-4,1,,/Users/finleyaf/Documents/COMP3931 Individual Project/project_folder/scheduler-prediction/online/results/stage_b_fair_matched_baseline_20260427_135733/decision_artifacts/custom/memory-pod-custom-normal-t6_snapshot.csv,/Users/finleyaf/Documents/COMP3931 Individual Project/project_folder/scheduler-prediction/online/results/stage_b_fair_matched_baseline_20260427_135733/decision_artifacts/custom/memory-pod-custom-normal-t6_ranking.json,100.0,256.0,0.3567,0.3964,0.2661,0.0,0.05,0.1303,0.1303,model,memory-pod-custom-normal-t6,memory,k3s-worker-4,0.0,1.0,1.0,1777298238.0,1777298238.0,1777298239.0,10.0,0.8,0,0
custom,1,6,normal,normal,,,rank_and_pin,k3s-worker-4,1,,/Users/finleyaf/Documents/COMP3931 Individual Project/project_folder/scheduler-prediction/online/results/stage_b_fair_matched_baseline_20260427_135733/decision_artifacts/custom/mixed-pod-custom-normal-t6_snapshot.csv,/Users/finleyaf/Documents/COMP3931 Individual Project/project_folder/scheduler-prediction/online/results/stage_b_fair_matched_baseline_20260427_135733/decision_artifacts/custom/mixed-pod-custom-normal-t6_ranking.json,200.0,128.0,0.3216,0.3573,0.2573,0.0,0.1,0.0651,0.1,model,mixed-pod-custom-normal-t6,mixed,k3s-worker-4,0.0,2.0,2.0,1777298350.0,1777298350.0,1777298352.0,13.0,1.3333,1,1
custom,1,6,stress_cpu,stress,cpu,k3s-worker-3,rank_and_pin,k3s-worker-3,1,1,/Users/finleyaf/Documents/COMP3931 Individual Project/project_folder/scheduler-prediction/online/results/stage_b_fair_matched_baseline_20260427_135733/decision_artifacts/custom/cpu-pod-custom-stress-cpu-t6_snapshot.csv,/Users/finleyaf/Documents/COMP3931 Individual Project/project_folder/scheduler-prediction/online/results/stage_b_fair_matched_baseline_20260427_135733/decision_artifacts/custom/cpu-pod-custom-stress-cpu-t6_ranking.json,250.0,64.0,0.3497,0.3886,0.2636,0.0,0.125,0.0326,0.125,model,cpu-pod-custom-stress-cpu-t6,cpu,k3s-worker-3,0.0,2.0,2.0,1777298485.0,1777298485.0,1777298487.0,59.0,2.878,1,1
custom,1,6,stress_cpu,stress,cpu,k3s-worker-3,rank_and_pin,k3s-worker-4,1,0,/Users/finleyaf/Documents/COMP3931 Individual Project/project_folder/scheduler-prediction/online/results/stage_b_fair_matched_baseline_20260427_135733/decision_artifacts/custom/memory-pod-custom-stress-cpu-t6_snapshot.csv,/Users/finleyaf/Documents/COMP3931 Individual Project/project_folder/scheduler-prediction/online/results/stage_b_fair_matched_baseline_20260427_135733/decision_artifacts/custom/memory-pod-custom-stress-cpu-t6_ranking.json,100.0,256.0,0.345,0.3833,0.253,0.0,0.05,0.1303,0.1303,model,memory-pod-custom-stress-cpu-t6,memory,k3s-worker-4,0.0,2.0,2.0,1777298579.0,1777298579.0,1777298581.0,10.0,0.7843,0,0
custom,1,6,stress_cpu,stress,cpu,k3s-worker-3,rank_and_pin,k3s-worker-4,1,0,/Users/finleyaf/Documents/COMP3931 Individual Project/project_folder/scheduler-prediction/online/results/stage_b_fair_matched_baseline_20260427_135733/decision_artifacts/custom/mixed-pod-custom-stress-cpu-t6_snapshot.csv,/Users/finleyaf/Documents/COMP3931 Individual Project/project_folder/scheduler-prediction/online/results/stage_b_fair_matched_baseline_20260427_135733/decision_artifacts/custom/mixed-pod-custom-stress-cpu-t6_ranking.json,200.0,128.0,0.3395,0.3772,0.2772,0.0,0.1,0.0651,0.1,model,mixed-pod-custom-stress-cpu-t6,mixed,k3s-worker-4,0.0,2.0,2.0,1777298693.0,1777298693.0,1777298695.0,10.0,1.2121,1,0
custom,1,6,stress_memory,stress,memory,k3s-worker-4,rank_and_pin,k3s-worker-4,1,1,/Users/finleyaf/Documents/COMP3931 Individual Project/project_folder/scheduler-prediction/online/results/stage_b_fair_matched_baseline_20260427_135733/decision_artifacts/custom/cpu-pod-custom-stress-memory-t6_snapshot.csv,/Users/finleyaf/Documents/COMP3931 Individual Project/project_folder/scheduler-prediction/online/results/stage_b_fair_matched_baseline_20260427_135733/decision_artifacts/custom/cpu-pod-custom-stress-memory-t6_ranking.json,250.0,64.0,0.3168,0.352,0.227,0.0,0.125,0.0326,0.125,model,cpu-pod-custom-stress-memory-t6,cpu,k3s-worker-4,0.0,2.0,2.0,1777298840.0,1777298840.0,1777298842.0,63.0,2.9647,1,1
custom,1,6,stress_memory,stress,memory,k3s-worker-4,rank_and_pin,k3s-worker-4,1,1,/Users/finleyaf/Documents/COMP3931 Individual Project/project_folder/scheduler-prediction/online/results/stage_b_fair_matched_baseline_20260427_135733/decision_artifacts/custom/memory-pod-custom-stress-memory-t6_snapshot.csv,/Users/finleyaf/Documents/COMP3931 Individual Project/project_folder/scheduler-prediction/online/results/stage_b_fair_matched_baseline_20260427_135733/decision_artifacts/custom/memory-pod-custom-stress-memory-t6_ranking.json,100.0,256.0,0.2932,0.3258,0.1955,0.0,0.05,0.1303,0.1303,model,memory-pod-custom-stress-memory-t6,memory,k3s-worker-4,0.0,8.0,8.0,1777298967.0,1777298967.0,1777298975.0,23.0,1.9167,1,1
custom,1,6,stress_memory,stress,memory,k3s-worker-4,rank_and_pin,k3s-worker-4,1,1,/Users/finleyaf/Documents/COMP3931 Individual Project/project_folder/scheduler-prediction/online/results/stage_b_fair_matched_baseline_20260427_135733/decision_artifacts/custom/mixed-pod-custom-stress-memory-t6_snapshot.csv,/Users/finleyaf/Documents/COMP3931 Individual Project/project_folder/scheduler-prediction/online/results/stage_b_fair_matched_baseline_20260427_135733/decision_artifacts/custom/mixed-pod-custom-stress-memory-t6_ranking.json,200.0,128.0,0.3065,0.3406,0.2406,0.0,0.1,0.0651,0.1,model,mixed-pod-custom-stress-memory-t6,mixed,k3s-worker-4,0.0,2.0,2.0,1777299065.0,1777299065.0,1777299067.0,11.0,1.2222,1,0
custom,1,6,stress_mixed,stress,mixed,raspberrypi,rank_and_pin,k3s-worker-4,1,0,/Users/finleyaf/Documents/COMP3931 Individual Project/project_folder/scheduler-prediction/online/results/stage_b_fair_matched_baseline_20260427_135733/decision_artifacts/custom/cpu-pod-custom-stress-mixed-t6_snapshot.csv,/Users/finleyaf/Documents/COMP3931 Individual Project/project_folder/scheduler-prediction/online/results/stage_b_fair_matched_baseline_20260427_135733/decision_artifacts/custom/cpu-pod-custom-stress-mixed-t6_ranking.json,250.0,64.0,0.3352,0.3724,0.2474,0.0,0.125,0.0326,0.125,model,cpu-pod-custom-stress-mixed-t6,cpu,k3s-worker-4,0.0,1.0,1.0,1777299209.0,1777299209.0,1777299210.0,10.0,0.678,0,0
custom,1,6,stress_mixed,stress,mixed,raspberrypi,rank_and_pin,k3s-worker-4,1,0,/Users/finleyaf/Documents/COMP3931 Individual Project/project_folder/scheduler-prediction/online/results/stage_b_fair_matched_baseline_20260427_135733/decision_artifacts/custom/memory-pod-custom-stress-mixed-t6_snapshot.csv,/Users/finleyaf/Documents/COMP3931 Individual Project/project_folder/scheduler-prediction/online/results/stage_b_fair_matched_baseline_20260427_135733/decision_artifacts/custom/memory-pod-custom-stress-mixed-t6_ranking.json,100.0,256.0,0.3631,0.4035,0.2732,0.0,0.05,0.1303,0.1303,model,memory-pod-custom-stress-mixed-t6,memory,k3s-worker-4,0.0,2.0,2.0,1777299328.0,1777299328.0,1777299330.0,10.0,0.4082,0,0
custom,1,6,stress_mixed,stress,mixed,raspberrypi,rank_and_pin,k3s-worker-4,1,0,/Users/finleyaf/Documents/COMP3931 Individual Project/project_folder/scheduler-prediction/online/results/stage_b_fair_matched_baseline_20260427_135733/decision_artifacts/custom/mixed-pod-custom-stress-mixed-t6_snapshot.csv,/Users/finleyaf/Documents/COMP3931 Individual Project/project_folder/scheduler-prediction/online/results/stage_b_fair_matched_baseline_20260427_135733/decision_artifacts/custom/mixed-pod-custom-stress-mixed-t6_ranking.json,200.0,128.0,0.3353,0.3725,0.2725,0.0,0.1,0.0651,0.1,model,mixed-pod-custom-stress-mixed-t6,mixed,k3s-worker-4,0.0,1.0,1.0,1777299441.0,1777299441.0,1777299442.0,9.0,1.125,1,0
custom,2,7,normal,normal,,,rank_and_pin,k3s-worker-4,1,,/Users/finleyaf/Documents/COMP3931 Individual Project/project_folder/scheduler-prediction/online/results/stage_b_fair_matched_baseline_20260427_135733/decision_artifacts/custom/cpu-pod-custom-normal-t7_snapshot.csv,/Users/finleyaf/Documents/COMP3931 Individual Project/project_folder/scheduler-prediction/online/results/stage_b_fair_matched_baseline_20260427_135733/decision_artifacts/custom/cpu-pod-custom-normal-t7_ranking.json,250.0,64.0,0.3484,0.3871,0.2621,0.0,0.125,0.0326,0.125,model,cpu-pod-custom-normal-t7,cpu,k3s-worker-4,0.0,2.0,2.0,1777299597.0,1777299597.0,1777299599.0,11.0,0.9362,0,0
custom,2,7,normal,normal,,,rank_and_pin,k3s-worker-4,1,,/Users/finleyaf/Documents/COMP3931 Individual Project/project_folder/scheduler-prediction/online/results/stage_b_fair_matched_baseline_20260427_135733/decision_artifacts/custom/memory-pod-custom-normal-t7_snapshot.csv,/Users/finleyaf/Documents/COMP3931 Individual Project/project_folder/scheduler-prediction/online/results/stage_b_fair_matched_baseline_20260427_135733/decision_artifacts/custom/memory-pod-custom-normal-t7_ranking.json,100.0,256.0,0.3602,0.4002,0.2699,0.0,0.05,0.1303,0.1303,model,memory-pod-custom-normal-t7,memory,k3s-worker-4,0.0,1.0,1.0,1777299709.0,1777299709.0,1777299710.0,10.0,0.9756,0,0
custom,2,7,normal,normal,,,rank_and_pin,k3s-worker-4,1,,/Users/finleyaf/Documents/COMP3931 Individual Project/project_folder/scheduler-prediction/online/results/stage_b_fair_matched_baseline_20260427_135733/decision_artifacts/custom/mixed-pod-custom-normal-t7_snapshot.csv,/Users/finleyaf/Documents/COMP3931 Individual Project/project_folder/scheduler-prediction/online/results/stage_b_fair_matched_baseline_20260427_135733/decision_artifacts/custom/mixed-pod-custom-normal-t7_ranking.json,200.0,128.0,0.327,0.3633,0.2633,0.0,0.1,0.0651,0.1,model,mixed-pod-custom-normal-t7,mixed,k3s-worker-4,0.0,2.0,2.0,1777299824.0,1777299824.0,1777299826.0,21.0,1.8261,1,1
custom,2,7,stress_cpu,stress,cpu,k3s-worker-4,rank_and_pin,k3s-worker-4,1,1,/Users/finleyaf/Documents/COMP3931 Individual Project/project_folder/scheduler-prediction/online/results/stage_b_fair_matched_baseline_20260427_135733/decision_artifacts/custom/cpu-pod-custom-stress-cpu-t7_snapshot.csv,/Users/finleyaf/Documents/COMP3931 Individual Project/project_folder/scheduler-prediction/online/results/stage_b_fair_matched_baseline_20260427_135733/decision_artifacts/custom/cpu-pod-custom-stress-cpu-t7_ranking.json,250.0,64.0,0.372,0.4133,0.2883,0.0,0.125,0.0326,0.125,model,cpu-pod-custom-stress-cpu-t7,cpu,k3s-worker-4,0.0,7.0,7.0,1777299930.0,1777299930.0,1777299937.0,22.0,1.8723,1,1
custom,2,7,stress_cpu,stress,cpu,k3s-worker-4,rank_and_pin,k3s-worker-3,1,0,/Users/finleyaf/Documents/COMP3931 Individual Project/project_folder/scheduler-prediction/online/results/stage_b_fair_matched_baseline_20260427_135733/decision_artifacts/custom/memory-pod-custom-stress-cpu-t7_snapshot.csv,/Users/finleyaf/Documents/COMP3931 Individual Project/project_folder/scheduler-prediction/online/results/stage_b_fair_matched_baseline_20260427_135733/decision_artifacts/custom/memory-pod-custom-stress-cpu-t7_ranking.json,100.0,256.0,0.3929,0.4366,0.3063,0.0,0.05,0.1303,0.1303,model,memory-pod-custom-stress-cpu-t7,memory,k3s-worker-3,0.0,2.0,2.0,1777300052.0,1777300052.0,1777300054.0,10.0,0.7547,0,0
custom,2,7,stress_cpu,stress,cpu,k3s-worker-4,rank_and_pin,k3s-worker-2,1,0,/Users/finleyaf/Documents/COMP3931 Individual Project/project_folder/scheduler-prediction/online/results/stage_b_fair_matched_baseline_20260427_135733/decision_artifacts/custom/mixed-pod-custom-stress-cpu-t7_snapshot.csv,/Users/finleyaf/Documents/COMP3931 Individual Project/project_folder/scheduler-prediction/online/results/stage_b_fair_matched_baseline_20260427_135733/decision_artifacts/custom/mixed-pod-custom-stress-cpu-t7_ranking.json,200.0,128.0,0.3694,0.4104,0.3104,0.0,0.1,0.0651,0.1,model,mixed-pod-custom-stress-cpu-t7,mixed,k3s-worker-2,0.0,2.0,2.0,1777300162.0,1777300162.0,1777300164.0,12.0,1.4118,1,1
custom,2,7,stress_memory,stress,memory,raspberrypi,rank_and_pin,k3s-worker-4,1,0,/Users/finleyaf/Documents/COMP3931 Individual Project/project_folder/scheduler-prediction/online/results/stage_b_fair_matched_baseline_20260427_135733/decision_artifacts/custom/cpu-pod-custom-stress-memory-t7_snapshot.csv,/Users/finleyaf/Documents/COMP3931 Individual Project/project_folder/scheduler-prediction/online/results/stage_b_fair_matched_baseline_20260427_135733/decision_artifacts/custom/cpu-pod-custom-stress-memory-t7_ranking.json,250.0,64.0,0.372,0.4133,0.2883,0.0,0.125,0.0326,0.125,model,cpu-pod-custom-stress-memory-t7,cpu,k3s-worker-4,0.0,1.0,1.0,1777300306.0,1777300306.0,1777300307.0,30.0,1.5,1,1
custom,2,7,stress_memory,stress,memory,raspberrypi,rank_and_pin,raspberrypi,1,1,/Users/finleyaf/Documents/COMP3931 Individual Project/project_folder/scheduler-prediction/online/results/stage_b_fair_matched_baseline_20260427_135733/decision_artifacts/custom/memory-pod-custom-stress-memory-t7_snapshot.csv,/Users/finleyaf/Documents/COMP3931 Individual Project/project_folder/scheduler-prediction/online/results/stage_b_fair_matched_baseline_20260427_135733/decision_artifacts/custom/memory-pod-custom-stress-memory-t7_ranking.json,100.0,256.0,0.3264,0.3627,0.2994,0.0,0.025,0.0633,0.0633,model,memory-pod-custom-stress-memory-t7,memory,raspberrypi,0.0,,,1777300390.0,1777300390.0,,29.0,1.9661,1,1
custom,2,7,stress_memory,stress,memory,raspberrypi,rank_and_pin,k3s-worker-4,1,0,/Users/finleyaf/Documents/COMP3931 Individual Project/project_folder/scheduler-prediction/online/results/stage_b_fair_matched_baseline_20260427_135733/decision_artifacts/custom/mixed-pod-custom-stress-memory-t7_snapshot.csv,/Users/finleyaf/Documents/COMP3931 Individual Project/project_folder/scheduler-prediction/online/results/stage_b_fair_matched_baseline_20260427_135733/decision_artifacts/custom/mixed-pod-custom-stress-memory-t7_ranking.json,200.0,128.0,0.3494,0.3882,0.2882,0.0,0.1,0.0651,0.1,model,mixed-pod-custom-stress-memory-t7,mixed,k3s-worker-4,0.0,1.0,1.0,1777300475.0,1777300475.0,1777300476.0,12.0,0.8421,0,0
custom,2,7,stress_mixed,stress,mixed,k3s-worker-2,rank_and_pin,k3s-worker-4,1,0,/Users/finleyaf/Documents/COMP3931 Individual Project/project_folder/scheduler-prediction/online/results/stage_b_fair_matched_baseline_20260427_135733/decision_artifacts/custom/cpu-pod-custom-stress-mixed-t7_snapshot.csv,/Users/finleyaf/Documents/COMP3931 Individual Project/project_folder/scheduler-prediction/online/results/stage_b_fair_matched_baseline_20260427_135733/decision_artifacts/custom/cpu-pod-custom-stress-mixed-t7_ranking.json,250.0,64.0,0.3918,0.4353,0.3103,0.0,0.125,0.0326,0.125,model,cpu-pod-custom-stress-mixed-t7,cpu,k3s-worker-4,0.0,1.0,1.0,1777300615.0,1777300615.0,1777300616.0,9.0,0.383,0,0
custom,2,7,stress_mixed,stress,mixed,k3s-worker-2,rank_and_pin,k3s-worker-3,1,0,/Users/finleyaf/Documents/COMP3931 Individual Project/project_folder/scheduler-prediction/online/results/stage_b_fair_matched_baseline_20260427_135733/decision_artifacts/custom/memory-pod-custom-stress-mixed-t7_snapshot.csv,/Users/finleyaf/Documents/COMP3931 Individual Project/project_folder/scheduler-prediction/online/results/stage_b_fair_matched_baseline_20260427_135733/decision_artifacts/custom/memory-pod-custom-stress-mixed-t7_ranking.json,100.0,256.0,0.3926,0.4362,0.3059,0.0,0.05,0.1303,0.1303,model,memory-pod-custom-stress-mixed-t7,memory,k3s-worker-3,0.0,2.0,2.0,1777300726.0,1777300726.0,1777300728.0,10.0,0.7018,0,0
custom,2,7,stress_mixed,stress,mixed,k3s-worker-2,rank_and_pin,k3s-worker-4,1,0,/Users/finleyaf/Documents/COMP3931 Individual Project/project_folder/scheduler-prediction/online/results/stage_b_fair_matched_baseline_20260427_135733/decision_artifacts/custom/mixed-pod-custom-stress-mixed-t7_snapshot.csv,/Users/finleyaf/Documents/COMP3931 Individual Project/project_folder/scheduler-prediction/online/results/stage_b_fair_matched_baseline_20260427_135733/decision_artifacts/custom/mixed-pod-custom-stress-mixed-t7_ranking.json,200.0,128.0,0.3714,0.4127,0.3127,0.0,0.1,0.0651,0.1,model,mixed-pod-custom-stress-mixed-t7,mixed,k3s-worker-4,0.0,2.0,2.0,1777300813.0,1777300813.0,1777300815.0,8.0,1.0,0,0
custom,1,8,normal,normal,,,rank_and_pin,k3s-worker-4,1,,/Users/finleyaf/Documents/COMP3931 Individual Project/project_folder/scheduler-prediction/online/results/stage_b_fair_matched_baseline_20260427_135733/decision_artifacts/custom/cpu-pod-custom-normal-t8_snapshot.csv,/Users/finleyaf/Documents/COMP3931 Individual Project/project_folder/scheduler-prediction/online/results/stage_b_fair_matched_baseline_20260427_135733/decision_artifacts/custom/cpu-pod-custom-normal-t8_ranking.json,250.0,64.0,0.4055,0.4506,0.3256,0.0,0.125,0.0326,0.125,model,cpu-pod-custom-normal-t8,cpu,k3s-worker-4,0.0,1.0,1.0,1777300881.0,1777300881.0,1777300882.0,11.0,1.2571,1,1
custom,1,8,normal,normal,,,rank_and_pin,k3s-worker-2,1,,/Users/finleyaf/Documents/COMP3931 Individual Project/project_folder/scheduler-prediction/online/results/stage_b_fair_matched_baseline_20260427_135733/decision_artifacts/custom/memory-pod-custom-normal-t8_snapshot.csv,/Users/finleyaf/Documents/COMP3931 Individual Project/project_folder/scheduler-prediction/online/results/stage_b_fair_matched_baseline_20260427_135733/decision_artifacts/custom/memory-pod-custom-normal-t8_ranking.json,100.0,256.0,0.3663,0.407,0.2767,0.0,0.05,0.1303,0.1303,model,memory-pod-custom-normal-t8,memory,k3s-worker-2,0.0,2.0,2.0,1777300994.0,1777300994.0,1777300996.0,19.0,1.617,1,1
custom,1,8,normal,normal,,,rank_and_pin,k3s-worker-4,1,,/Users/finleyaf/Documents/COMP3931 Individual Project/project_folder/scheduler-prediction/online/results/stage_b_fair_matched_baseline_20260427_135733/decision_artifacts/custom/mixed-pod-custom-normal-t8_snapshot.csv,/Users/finleyaf/Documents/COMP3931 Individual Project/project_folder/scheduler-prediction/online/results/stage_b_fair_matched_baseline_20260427_135733/decision_artifacts/custom/mixed-pod-custom-normal-t8_ranking.json,200.0,128.0,0.3498,0.3887,0.2887,0.0,0.1,0.0651,0.1,model,mixed-pod-custom-normal-t8,mixed,k3s-worker-4,0.0,1.0,1.0,1777301108.0,1777301108.0,1777301109.0,9.0,1.0909,0,0
custom,1,8,stress_cpu,stress,cpu,raspberrypi,rank_and_pin,k3s-worker-4,1,0,/Users/finleyaf/Documents/COMP3931 Individual Project/project_folder/scheduler-prediction/online/results/stage_b_fair_matched_baseline_20260427_135733/decision_artifacts/custom/cpu-pod-custom-stress-cpu-t8_snapshot.csv,/Users/finleyaf/Documents/COMP3931 Individual Project/project_folder/scheduler-prediction/online/results/stage_b_fair_matched_baseline_20260427_135733/decision_artifacts/custom/cpu-pod-custom-stress-cpu-t8_ranking.json,250.0,64.0,0.3737,0.4152,0.2902,0.0,0.125,0.0326,0.125,model,cpu-pod-custom-stress-cpu-t8,cpu,k3s-worker-4,0.0,1.0,1.0,1777301236.0,1777301236.0,1777301237.0,9.0,0.6207,0,0
custom,1,8,stress_cpu,stress,cpu,raspberrypi,rank_and_pin,k3s-worker-4,1,0,/Users/finleyaf/Documents/COMP3931 Individual Project/project_folder/scheduler-prediction/online/results/stage_b_fair_matched_baseline_20260427_135733/decision_artifacts/custom/memory-pod-custom-stress-cpu-t8_snapshot.csv,/Users/finleyaf/Documents/COMP3931 Individual Project/project_folder/scheduler-prediction/online/results/stage_b_fair_matched_baseline_20260427_135733/decision_artifacts/custom/memory-pod-custom-stress-cpu-t8_ranking.json,100.0,256.0,0.3763,0.4181,0.2878,0.0,0.05,0.1303,0.1303,model,memory-pod-custom-stress-cpu-t8,memory,k3s-worker-4,0.0,1.0,1.0,1777301321.0,1777301321.0,1777301322.0,10.0,0.4878,0,0
custom,1,8,stress_cpu,stress,cpu,raspberrypi,rank_and_pin,k3s-worker-2,1,0,/Users/finleyaf/Documents/COMP3931 Individual Project/project_folder/scheduler-prediction/online/results/stage_b_fair_matched_baseline_20260427_135733/decision_artifacts/custom/mixed-pod-custom-stress-cpu-t8_snapshot.csv,/Users/finleyaf/Documents/COMP3931 Individual Project/project_folder/scheduler-prediction/online/results/stage_b_fair_matched_baseline_20260427_135733/decision_artifacts/custom/mixed-pod-custom-stress-cpu-t8_ranking.json,200.0,128.0,0.3572,0.3969,0.2969,0.0,0.1,0.0651,0.1,model,mixed-pod-custom-stress-cpu-t8,mixed,k3s-worker-2,0.0,2.0,2.0,1777301432.0,1777301432.0,1777301434.0,20.0,1.9048,1,1
custom,1,8,stress_memory,stress,memory,k3s-worker-2,rank_and_pin,k3s-worker-2,1,1,/Users/finleyaf/Documents/COMP3931 Individual Project/project_folder/scheduler-prediction/online/results/stage_b_fair_matched_baseline_20260427_135733/decision_artifacts/custom/cpu-pod-custom-stress-memory-t8_snapshot.csv,/Users/finleyaf/Documents/COMP3931 Individual Project/project_folder/scheduler-prediction/online/results/stage_b_fair_matched_baseline_20260427_135733/decision_artifacts/custom/cpu-pod-custom-stress-memory-t8_ranking.json,250.0,64.0,0.2993,0.3325,0.2075,0.0,0.125,0.0326,0.125,model,cpu-pod-custom-stress-memory-t8,cpu,k3s-worker-2,0.0,2.0,2.0,1777301579.0,1777301579.0,1777301581.0,61.0,2.2593,1,1
custom,1,8,stress_memory,stress,memory,k3s-worker-2,rank_and_pin,k3s-worker-4,1,0,/Users/finleyaf/Documents/COMP3931 Individual Project/project_folder/scheduler-prediction/online/results/stage_b_fair_matched_baseline_20260427_135733/decision_artifacts/custom/memory-pod-custom-stress-memory-t8_snapshot.csv,/Users/finleyaf/Documents/COMP3931 Individual Project/project_folder/scheduler-prediction/online/results/stage_b_fair_matched_baseline_20260427_135733/decision_artifacts/custom/memory-pod-custom-stress-memory-t8_ranking.json,100.0,256.0,0.3782,0.4202,0.2899,0.0,0.05,0.1303,0.1303,model,memory-pod-custom-stress-memory-t8,memory,k3s-worker-4,0.0,3.0,3.0,1777301692.0,1777301692.0,1777301695.0,20.0,1.3333,1,1
custom,1,8,stress_memory,stress,memory,k3s-worker-2,rank_and_pin,k3s-worker-3,1,0,/Users/finleyaf/Documents/COMP3931 Individual Project/project_folder/scheduler-prediction/online/results/stage_b_fair_matched_baseline_20260427_135733/decision_artifacts/custom/mixed-pod-custom-stress-memory-t8_snapshot.csv,/Users/finleyaf/Documents/COMP3931 Individual Project/project_folder/scheduler-prediction/online/results/stage_b_fair_matched_baseline_20260427_135733/decision_artifacts/custom/mixed-pod-custom-stress-memory-t8_ranking.json,200.0,128.0,0.351,0.39,0.29,0.0,0.1,0.0651,0.1,model,mixed-pod-custom-stress-memory-t8,mixed,k3s-worker-3,0.0,1.0,1.0,1777301777.0,1777301777.0,1777301778.0,10.0,1.1765,1,0
custom,1,8,stress_mixed,stress,mixed,k3s-worker-3,rank_and_pin,k3s-worker-3,1,1,/Users/finleyaf/Documents/COMP3931 Individual Project/project_folder/scheduler-prediction/online/results/stage_b_fair_matched_baseline_20260427_135733/decision_artifacts/custom/cpu-pod-custom-stress-mixed-t8_snapshot.csv,/Users/finleyaf/Documents/COMP3931 Individual Project/project_folder/scheduler-prediction/online/results/stage_b_fair_matched_baseline_20260427_135733/decision_artifacts/custom/cpu-pod-custom-stress-mixed-t8_ranking.json,250.0,64.0,0.3335,0.3706,0.2456,0.0,0.125,0.0326,0.125,model,cpu-pod-custom-stress-mixed-t8,cpu,k3s-worker-3,0.0,2.0,2.0,1777301922.0,1777301922.0,1777301924.0,99.0,3.2459,1,1
custom,1,8,stress_mixed,stress,mixed,k3s-worker-3,rank_and_pin,k3s-worker-2,1,0,/Users/finleyaf/Documents/COMP3931 Individual Project/project_folder/scheduler-prediction/online/results/stage_b_fair_matched_baseline_20260427_135733/decision_artifacts/custom/memory-pod-custom-stress-mixed-t8_snapshot.csv,/Users/finleyaf/Documents/COMP3931 Individual Project/project_folder/scheduler-prediction/online/results/stage_b_fair_matched_baseline_20260427_135733/decision_artifacts/custom/memory-pod-custom-stress-mixed-t8_ranking.json,100.0,256.0,0.36,0.4,0.2697,0.0,0.05,0.1303,0.1303,model,memory-pod-custom-stress-mixed-t8,memory,k3s-worker-2,0.0,2.0,2.0,1777302050.0,1777302050.0,1777302052.0,13.0,1.0,0,0
custom,1,8,stress_mixed,stress,mixed,k3s-worker-3,rank_and_pin,k3s-worker-4,1,0,/Users/finleyaf/Documents/COMP3931 Individual Project/project_folder/scheduler-prediction/online/results/stage_b_fair_matched_baseline_20260427_135733/decision_artifacts/custom/mixed-pod-custom-stress-mixed-t8_snapshot.csv,/Users/finleyaf/Documents/COMP3931 Individual Project/project_folder/scheduler-prediction/online/results/stage_b_fair_matched_baseline_20260427_135733/decision_artifacts/custom/mixed-pod-custom-stress-mixed-t8_ranking.json,200.0,128.0,0.3341,0.3712,0.2712,0.0,0.1,0.0651,0.1,model,mixed-pod-custom-stress-mixed-t8,mixed,k3s-worker-4,0.0,2.0,2.0,1777302172.0,1777302172.0,1777302174.0,13.0,0.65,0,0
custom,2,9,normal,normal,,,rank_and_pin,k3s-worker-3,1,,/Users/finleyaf/Documents/COMP3931 Individual Project/project_folder/scheduler-prediction/online/results/stage_b_fair_matched_baseline_20260427_135733/decision_artifacts/custom/cpu-pod-custom-normal-t9_snapshot.csv,/Users/finleyaf/Documents/COMP3931 Individual Project/project_folder/scheduler-prediction/online/results/stage_b_fair_matched_baseline_20260427_135733/decision_artifacts/custom/cpu-pod-custom-normal-t9_ranking.json,250.0,64.0,0.3606,0.4007,0.2757,0.0,0.125,0.0326,0.125,model,cpu-pod-custom-normal-t9,cpu,k3s-worker-3,0.0,2.0,2.0,1777302330.0,1777302330.0,1777302332.0,10.0,1.0811,0,0
custom,2,9,normal,normal,,,rank_and_pin,k3s-worker-3,1,,/Users/finleyaf/Documents/COMP3931 Individual Project/project_folder/scheduler-prediction/online/results/stage_b_fair_matched_baseline_20260427_135733/decision_artifacts/custom/memory-pod-custom-normal-t9_snapshot.csv,/Users/finleyaf/Documents/COMP3931 Individual Project/project_folder/scheduler-prediction/online/results/stage_b_fair_matched_baseline_20260427_135733/decision_artifacts/custom/memory-pod-custom-normal-t9_ranking.json,100.0,256.0,0.3734,0.4149,0.2846,0.0,0.05,0.1303,0.1303,model,memory-pod-custom-normal-t9,memory,k3s-worker-3,0.0,2.0,2.0,1777302446.0,1777302446.0,1777302448.0,10.0,1.1765,1,0
custom,2,9,normal,normal,,,rank_and_pin,k3s-worker-2,1,,/Users/finleyaf/Documents/COMP3931 Individual Project/project_folder/scheduler-prediction/online/results/stage_b_fair_matched_baseline_20260427_135733/decision_artifacts/custom/mixed-pod-custom-normal-t9_snapshot.csv,/Users/finleyaf/Documents/COMP3931 Individual Project/project_folder/scheduler-prediction/online/results/stage_b_fair_matched_baseline_20260427_135733/decision_artifacts/custom/mixed-pod-custom-normal-t9_ranking.json,200.0,128.0,0.3504,0.3893,0.2893,0.0,0.1,0.0651,0.1,model,mixed-pod-custom-normal-t9,mixed,k3s-worker-2,0.0,2.0,2.0,1777302560.0,1777302560.0,1777302562.0,18.0,1.8,1,1
custom,2,9,stress_cpu,stress,cpu,k3s-worker-2,rank_and_pin,k3s-worker-3,1,0,/Users/finleyaf/Documents/COMP3931 Individual Project/project_folder/scheduler-prediction/online/results/stage_b_fair_matched_baseline_20260427_135733/decision_artifacts/custom/cpu-pod-custom-stress-cpu-t9_snapshot.csv,/Users/finleyaf/Documents/COMP3931 Individual Project/project_folder/scheduler-prediction/online/results/stage_b_fair_matched_baseline_20260427_135733/decision_artifacts/custom/cpu-pod-custom-stress-cpu-t9_ranking.json,250.0,64.0,0.3838,0.4264,0.3014,0.0,0.125,0.0326,0.125,model,cpu-pod-custom-stress-cpu-t9,cpu,k3s-worker-3,0.0,2.0,2.0,1777302669.0,1777302669.0,1777302671.0,11.0,0.9362,0,0
custom,2,9,stress_cpu,stress,cpu,k3s-worker-2,rank_and_pin,k3s-worker-4,1,0,/Users/finleyaf/Documents/COMP3931 Individual Project/project_folder/scheduler-prediction/online/results/stage_b_fair_matched_baseline_20260427_135733/decision_artifacts/custom/memory-pod-custom-stress-cpu-t9_snapshot.csv,/Users/finleyaf/Documents/COMP3931 Individual Project/project_folder/scheduler-prediction/online/results/stage_b_fair_matched_baseline_20260427_135733/decision_artifacts/custom/memory-pod-custom-stress-cpu-t9_ranking.json,100.0,256.0,0.3731,0.4146,0.2843,0.0,0.05,0.1303,0.1303,model,memory-pod-custom-stress-cpu-t9,memory,k3s-worker-4,0.0,2.0,2.0,1777302804.0,1777302804.0,1777302806.0,12.0,0.9412,0,0
custom,2,9,stress_cpu,stress,cpu,k3s-worker-2,rank_and_pin,k3s-worker-4,1,0,/Users/finleyaf/Documents/COMP3931 Individual Project/project_folder/scheduler-prediction/online/results/stage_b_fair_matched_baseline_20260427_135733/decision_artifacts/custom/mixed-pod-custom-stress-cpu-t9_snapshot.csv,/Users/finleyaf/Documents/COMP3931 Individual Project/project_folder/scheduler-prediction/online/results/stage_b_fair_matched_baseline_20260427_135733/decision_artifacts/custom/mixed-pod-custom-stress-cpu-t9_ranking.json,200.0,128.0,0.3615,0.4017,0.3017,0.0,0.1,0.0651,0.1,model,mixed-pod-custom-stress-cpu-t9,mixed,k3s-worker-4,0.0,1.0,1.0,1777302915.0,1777302915.0,1777302916.0,16.0,0.9697,0,0
custom,2,9,stress_memory,stress,memory,k3s-worker-3,rank_and_pin,k3s-worker-3,1,1,/Users/finleyaf/Documents/COMP3931 Individual Project/project_folder/scheduler-prediction/online/results/stage_b_fair_matched_baseline_20260427_135733/decision_artifacts/custom/cpu-pod-custom-stress-memory-t9_snapshot.csv,/Users/finleyaf/Documents/COMP3931 Individual Project/project_folder/scheduler-prediction/online/results/stage_b_fair_matched_baseline_20260427_135733/decision_artifacts/custom/cpu-pod-custom-stress-memory-t9_ranking.json,250.0,64.0,0.3591,0.399,0.274,0.0,0.125,0.0326,0.125,model,cpu-pod-custom-stress-memory-t9,cpu,k3s-worker-3,1.0,7.0,8.0,1777303056.0,1777303057.0,1777303064.0,21.0,1.5849,1,1
custom,2,9,stress_memory,stress,memory,k3s-worker-3,rank_and_pin,k3s-worker-3,1,1,/Users/finleyaf/Documents/COMP3931 Individual Project/project_folder/scheduler-prediction/online/results/stage_b_fair_matched_baseline_20260427_135733/decision_artifacts/custom/memory-pod-custom-stress-memory-t9_snapshot.csv,/Users/finleyaf/Documents/COMP3931 Individual Project/project_folder/scheduler-prediction/online/results/stage_b_fair_matched_baseline_20260427_135733/decision_artifacts/custom/memory-pod-custom-stress-memory-t9_ranking.json,100.0,256.0,0.3156,0.3507,0.2204,0.0,0.05,0.1303,0.1303,model,memory-pod-custom-stress-memory-t9,memory,k3s-worker-3,1.0,8.0,9.0,1777303156.0,1777303157.0,1777303165.0,21.0,1.9091,1,1
custom,2,9,stress_memory,stress,memory,k3s-worker-3,rank_and_pin,k3s-worker-3,1,1,/Users/finleyaf/Documents/COMP3931 Individual Project/project_folder/scheduler-prediction/online/results/stage_b_fair_matched_baseline_20260427_135733/decision_artifacts/custom/mixed-pod-custom-stress-memory-t9_snapshot.csv,/Users/finleyaf/Documents/COMP3931 Individual Project/project_folder/scheduler-prediction/online/results/stage_b_fair_matched_baseline_20260427_135733/decision_artifacts/custom/mixed-pod-custom-stress-memory-t9_ranking.json,200.0,128.0,0.3118,0.3464,0.2464,0.0,0.1,0.0651,0.1,model,mixed-pod-custom-stress-memory-t9,mixed,k3s-worker-3,0.0,1.0,1.0,1777303275.0,1777303275.0,1777303276.0,10.0,0.8163,0,0
custom,2,9,stress_mixed,stress,mixed,k3s-worker-4,rank_and_pin,k3s-worker-3,1,0,/Users/finleyaf/Documents/COMP3931 Individual Project/project_folder/scheduler-prediction/online/results/stage_b_fair_matched_baseline_20260427_135733/decision_artifacts/custom/cpu-pod-custom-stress-mixed-t9_snapshot.csv,/Users/finleyaf/Documents/COMP3931 Individual Project/project_folder/scheduler-prediction/online/results/stage_b_fair_matched_baseline_20260427_135733/decision_artifacts/custom/cpu-pod-custom-stress-mixed-t9_ranking.json,250.0,64.0,0.347,0.3856,0.2606,0.0,0.125,0.0326,0.125,model,cpu-pod-custom-stress-mixed-t9,cpu,k3s-worker-3,1.0,1.0,2.0,1777303429.0,1777303430.0,1777303431.0,19.0,0.8736,0,0
custom,2,9,stress_mixed,stress,mixed,k3s-worker-4,rank_and_pin,k3s-worker-3,1,0,/Users/finleyaf/Documents/COMP3931 Individual Project/project_folder/scheduler-prediction/online/results/stage_b_fair_matched_baseline_20260427_135733/decision_artifacts/custom/memory-pod-custom-stress-mixed-t9_snapshot.csv,/Users/finleyaf/Documents/COMP3931 Individual Project/project_folder/scheduler-prediction/online/results/stage_b_fair_matched_baseline_20260427_135733/decision_artifacts/custom/memory-pod-custom-stress-mixed-t9_ranking.json,100.0,256.0,0.3594,0.3993,0.269,0.0,0.05,0.1303,0.1303,model,memory-pod-custom-stress-mixed-t9,memory,k3s-worker-3,0.0,2.0,2.0,1777303550.0,1777303550.0,1777303552.0,12.0,1.0,0,0
custom,2,9,stress_mixed,stress,mixed,k3s-worker-4,rank_and_pin,k3s-worker-3,1,0,/Users/finleyaf/Documents/COMP3931 Individual Project/project_folder/scheduler-prediction/online/results/stage_b_fair_matched_baseline_20260427_135733/decision_artifacts/custom/mixed-pod-custom-stress-mixed-t9_snapshot.csv,/Users/finleyaf/Documents/COMP3931 Individual Project/project_folder/scheduler-prediction/online/results/stage_b_fair_matched_baseline_20260427_135733/decision_artifacts/custom/mixed-pod-custom-stress-mixed-t9_ranking.json,200.0,128.0,0.3312,0.368,0.268,0.0,0.1,0.0651,0.1,model,mixed-pod-custom-stress-mixed-t9,mixed,k3s-worker-3,0.0,2.0,2.0,1777303634.0,1777303634.0,1777303636.0,11.0,1.2571,1,1
custom,1,10,normal,normal,,,rank_and_pin,k3s-worker-3,1,,/Users/finleyaf/Documents/COMP3931 Individual Project/project_folder/scheduler-prediction/online/results/stage_b_fair_matched_baseline_20260427_135733/decision_artifacts/custom/cpu-pod-custom-normal-t10_snapshot.csv,/Users/finleyaf/Documents/COMP3931 Individual Project/project_folder/scheduler-prediction/online/results/stage_b_fair_matched_baseline_20260427_135733/decision_artifacts/custom/cpu-pod-custom-normal-t10_ranking.json,250.0,64.0,0.3805,0.4228,0.2978,0.0,0.125,0.0326,0.125,model,cpu-pod-custom-normal-t10,cpu,k3s-worker-3,0.0,4.0,4.0,1777303703.0,1777303703.0,1777303707.0,11.0,1.2222,1,0
custom,1,10,normal,normal,,,rank_and_pin,k3s-worker-3,1,,/Users/finleyaf/Documents/COMP3931 Individual Project/project_folder/scheduler-prediction/online/results/stage_b_fair_matched_baseline_20260427_135733/decision_artifacts/custom/memory-pod-custom-normal-t10_snapshot.csv,/Users/finleyaf/Documents/COMP3931 Individual Project/project_folder/scheduler-prediction/online/results/stage_b_fair_matched_baseline_20260427_135733/decision_artifacts/custom/memory-pod-custom-normal-t10_ranking.json,100.0,256.0,0.3612,0.4014,0.2711,0.0,0.05,0.1303,0.1303,model,memory-pod-custom-normal-t10,memory,k3s-worker-3,0.0,2.0,2.0,1777303819.0,1777303819.0,1777303821.0,15.0,1.5385,1,1
custom,1,10,normal,normal,,,rank_and_pin,k3s-worker-3,1,,/Users/finleyaf/Documents/COMP3931 Individual Project/project_folder/scheduler-prediction/online/results/stage_b_fair_matched_baseline_20260427_135733/decision_artifacts/custom/mixed-pod-custom-normal-t10_snapshot.csv,/Users/finleyaf/Documents/COMP3931 Individual Project/project_folder/scheduler-prediction/online/results/stage_b_fair_matched_baseline_20260427_135733/decision_artifacts/custom/mixed-pod-custom-normal-t10_ranking.json,200.0,128.0,0.3334,0.3704,0.2704,0.0,0.1,0.0651,0.1,model,mixed-pod-custom-normal-t10,mixed,k3s-worker-3,0.0,2.0,2.0,1777303935.0,1777303935.0,1777303937.0,15.0,1.5789,1,1
custom,1,10,stress_cpu,stress,cpu,k3s-worker-3,rank_and_pin,k3s-worker-3,1,1,/Users/finleyaf/Documents/COMP3931 Individual Project/project_folder/scheduler-prediction/online/results/stage_b_fair_matched_baseline_20260427_135733/decision_artifacts/custom/cpu-pod-custom-stress-cpu-t10_snapshot.csv,/Users/finleyaf/Documents/COMP3931 Individual Project/project_folder/scheduler-prediction/online/results/stage_b_fair_matched_baseline_20260427_135733/decision_artifacts/custom/cpu-pod-custom-stress-cpu-t10_ranking.json,250.0,64.0,0.3791,0.4212,0.2962,0.0,0.125,0.0326,0.125,model,cpu-pod-custom-stress-cpu-t10,cpu,k3s-worker-3,0.0,7.0,7.0,1777304074.0,1777304074.0,1777304081.0,22.0,1.9556,1,1
custom,1,10,stress_cpu,stress,cpu,k3s-worker-3,rank_and_pin,k3s-worker-4,1,0,/Users/finleyaf/Documents/COMP3931 Individual Project/project_folder/scheduler-prediction/online/results/stage_b_fair_matched_baseline_20260427_135733/decision_artifacts/custom/memory-pod-custom-stress-cpu-t10_snapshot.csv,/Users/finleyaf/Documents/COMP3931 Individual Project/project_folder/scheduler-prediction/online/results/stage_b_fair_matched_baseline_20260427_135733/decision_artifacts/custom/memory-pod-custom-stress-cpu-t10_ranking.json,100.0,256.0,0.3678,0.4087,0.2784,0.0,0.05,0.1303,0.1303,model,memory-pod-custom-stress-cpu-t10,memory,k3s-worker-4,0.0,2.0,2.0,1777304165.0,1777304165.0,1777304167.0,14.0,1.1915,1,0
custom,1,10,stress_cpu,stress,cpu,k3s-worker-3,rank_and_pin,k3s-worker-4,1,0,/Users/finleyaf/Documents/COMP3931 Individual Project/project_folder/scheduler-prediction/online/results/stage_b_fair_matched_baseline_20260427_135733/decision_artifacts/custom/mixed-pod-custom-stress-cpu-t10_snapshot.csv,/Users/finleyaf/Documents/COMP3931 Individual Project/project_folder/scheduler-prediction/online/results/stage_b_fair_matched_baseline_20260427_135733/decision_artifacts/custom/mixed-pod-custom-stress-cpu-t10_ranking.json,200.0,128.0,0.3302,0.3669,0.2669,0.0,0.1,0.0651,0.1,model,mixed-pod-custom-stress-cpu-t10,mixed,k3s-worker-4,0.0,2.0,2.0,1777304281.0,1777304281.0,1777304283.0,9.0,0.9,0,0
custom,1,10,stress_memory,stress,memory,k3s-worker-4,rank_and_pin,k3s-worker-4,1,1,/Users/finleyaf/Documents/COMP3931 Individual Project/project_folder/scheduler-prediction/online/results/stage_b_fair_matched_baseline_20260427_135733/decision_artifacts/custom/cpu-pod-custom-stress-memory-t10_snapshot.csv,/Users/finleyaf/Documents/COMP3931 Individual Project/project_folder/scheduler-prediction/online/results/stage_b_fair_matched_baseline_20260427_135733/decision_artifacts/custom/cpu-pod-custom-stress-memory-t10_ranking.json,250.0,64.0,0.2908,0.3231,0.1981,0.0,0.125,0.0326,0.125,model,cpu-pod-custom-stress-memory-t10,cpu,k3s-worker-4,0.0,2.0,2.0,1777304425.0,1777304425.0,1777304427.0,48.0,2.6667,1,1
custom,1,10,stress_memory,stress,memory,k3s-worker-4,rank_and_pin,k3s-worker-4,1,1,/Users/finleyaf/Documents/COMP3931 Individual Project/project_folder/scheduler-prediction/online/results/stage_b_fair_matched_baseline_20260427_135733/decision_artifacts/custom/memory-pod-custom-stress-memory-t10_snapshot.csv,/Users/finleyaf/Documents/COMP3931 Individual Project/project_folder/scheduler-prediction/online/results/stage_b_fair_matched_baseline_20260427_135733/decision_artifacts/custom/memory-pod-custom-stress-memory-t10_ranking.json,100.0,256.0,0.3546,0.394,0.2637,0.0,0.05,0.1303,0.1303,model,memory-pod-custom-stress-memory-t10,memory,k3s-worker-4,0.0,11.0,11.0,1777304559.0,1777304559.0,1777304570.0,23.0,0.8932,0,0
custom,1,10,stress_memory,stress,memory,k3s-worker-4,rank_and_pin,k3s-worker-4,1,1,/Users/finleyaf/Documents/COMP3931 Individual Project/project_folder/scheduler-prediction/online/results/stage_b_fair_matched_baseline_20260427_135733/decision_artifacts/custom/mixed-pod-custom-stress-memory-t10_snapshot.csv,/Users/finleyaf/Documents/COMP3931 Individual Project/project_folder/scheduler-prediction/online/results/stage_b_fair_matched_baseline_20260427_135733/decision_artifacts/custom/mixed-pod-custom-stress-memory-t10_ranking.json,200.0,128.0,0.302,0.3355,0.2355,0.0,0.1,0.0651,0.1,model,mixed-pod-custom-stress-memory-t10,mixed,k3s-worker-4,0.0,1.0,1.0,1777304655.0,1777304655.0,1777304656.0,9.0,1.0909,0,0
custom,1,10,stress_mixed,stress,mixed,raspberrypi,rank_and_pin,k3s-worker-4,1,0,/Users/finleyaf/Documents/COMP3931 Individual Project/project_folder/scheduler-prediction/online/results/stage_b_fair_matched_baseline_20260427_135733/decision_artifacts/custom/cpu-pod-custom-stress-mixed-t10_snapshot.csv,/Users/finleyaf/Documents/COMP3931 Individual Project/project_folder/scheduler-prediction/online/results/stage_b_fair_matched_baseline_20260427_135733/decision_artifacts/custom/cpu-pod-custom-stress-mixed-t10_ranking.json,250.0,64.0,0.3424,0.3804,0.2554,0.0,0.125,0.0326,0.125,model,cpu-pod-custom-stress-mixed-t10,cpu,k3s-worker-4,0.0,2.0,2.0,1777304802.0,1777304802.0,1777304804.0,10.0,0.5333,0,0
custom,1,10,stress_mixed,stress,mixed,raspberrypi,rank_and_pin,raspberrypi,1,1,/Users/finleyaf/Documents/COMP3931 Individual Project/project_folder/scheduler-prediction/online/results/stage_b_fair_matched_baseline_20260427_135733/decision_artifacts/custom/memory-pod-custom-stress-mixed-t10_snapshot.csv,/Users/finleyaf/Documents/COMP3931 Individual Project/project_folder/scheduler-prediction/online/results/stage_b_fair_matched_baseline_20260427_135733/decision_artifacts/custom/memory-pod-custom-stress-mixed-t10_ranking.json,100.0,256.0,0.3719,0.4132,0.3499,0.0,0.025,0.0633,0.0633,model,memory-pod-custom-stress-mixed-t10,memory,raspberrypi,0.0,,,1777304913.0,1777304913.0,,55.0,2.5581,1,1
custom,1,10,stress_mixed,stress,mixed,raspberrypi,rank_and_pin,k3s-worker-4,1,0,/Users/finleyaf/Documents/COMP3931 Individual Project/project_folder/scheduler-prediction/online/results/stage_b_fair_matched_baseline_20260427_135733/decision_artifacts/custom/mixed-pod-custom-stress-mixed-t10_snapshot.csv,/Users/finleyaf/Documents/COMP3931 Individual Project/project_folder/scheduler-prediction/online/results/stage_b_fair_matched_baseline_20260427_135733/decision_artifacts/custom/mixed-pod-custom-stress-mixed-t10_ranking.json,200.0,128.0,0.3482,0.3869,0.2869,0.0,0.1,0.0651,0.1,model,mixed-pod-custom-stress-mixed-t10,mixed,k3s-worker-4,0.0,2.0,2.0,1777304998.0,1777304998.0,1777305000.0,16.0,1.561,1,1
