timestamp,node,cpu_user,cpu_system,cpu_iowait,ram_used,net_received,net_sent,load1,label
1776967178,k3s-control,24.44444,8.333333,0.0,1184.5703,1088.7377,214.3375,5.05,0
1776967178,k3s-worker-2,6.6326528,2.5510199,0.0,1168.3828,37.46879,267.3577,0.06,0
1776967178,k3s-worker-3,10.8808293,4.1450781,0.0,752.1875,48.41484,266.6979,0.21,0
1776967178,k3s-worker-4,6.5656568,3.5353539,0.0,667.1016,48.22553,252.9148,0.1,0
1776967178,raspberrypi,3.0,1.25,0.0,2263.969,37.87129,273.9476,0.53,0
1776967181,k3s-control,78.5714292,13.3928569,0.0,1183.125,1138.4444,236.077,5.29,0
1776967181,k3s-worker-2,6.5656571,2.020202,0.0,1168.3828,23.21158,246.798,0.05,0
1776967181,k3s-worker-3,6.1224493,2.0408161,0.0,751.4766,40.53341,254.4939,0.2,0
1776967181,k3s-worker-4,11.6161619,4.040404,0.0,666.8828,38.51554,259.9697,0.1,0
1776967181,raspberrypi,2.005013,1.0025063,0.0,2264.672,24.0581,210.4393,0.49,0
1776967183,k3s-control,52.7638177,10.5527635,0.5025126,1184.7266,1108.8171,256.9251,5.29,0
1776967183,k3s-worker-2,8.6294422,2.5380711,0.0,1168.3828,37.74091,257.3728,0.05,0
1776967183,k3s-worker-3,5.555556,2.525253,0.0,750.7383,41.31008,255.1427,0.2,0
1776967183,k3s-worker-4,7.5,3.5,0.0,666.6367,43.44181,259.5619,0.09,0
1776967183,raspberrypi,1.7721521,0.7594937,0.0,2264.5,49.20685,271.9429,0.45,0
1776967187,k3s-control,76.4150946,14.1509438,0.0,1184.8633,1061.5957,186.7481,5.74,0
1776967187,k3s-worker-2,6.0606061,2.020202,0.0,1168.3828,24.3438,242.3364,0.12,0
1776967187,k3s-worker-3,5.555556,3.535354,0.0,750.7383,42.71917,256.6001,0.18,0
1776967187,k3s-worker-4,11.055276,3.517588,0.5025126,666.6367,44.12878,251.6948,0.09,0
1776967187,raspberrypi,2.255639,1.2531328,0.0,2263.234,34.79541,275.4069,0.45,0
1776967189,k3s-control,32.5842689,11.2359546,10.1123596,1199.7461,1122.3353,224.8783,5.74,0
1776967189,k3s-worker-2,7.106599,2.538071,0.0,1170.043,31.11417,251.7622,0.12,0
1776967189,k3s-worker-3,6.060606,3.030303,0.0,750.7383,44.37966,256.2444,0.18,0
1776967189,k3s-worker-4,9.0452265,6.5326633,0.0,666.3906,46.06716,262.4878,0.08,0
1776967189,raspberrypi,1.5,2.75,0.25,2252.391,39.26167,281.9828,0.45,0
1776967192,k3s-control,62.4277481,10.9826587,0.0,1192.625,1146.9653,244.1201,5.52,0
1776967192,k3s-worker-2,6.0606061,3.030303,0.0,1169.8242,39.3541,264.5523,0.11,0
1776967192,k3s-worker-3,6.0913712,2.5380711,0.0,750.5195,44.70905,269.5268,0.18,0
1776967192,k3s-worker-4,5.6122451,2.55102,0.0,666.1719,41.36725,252.4255,0.08,0
1776967192,raspberrypi,2.255639,1.0025063,0.0,2255.594,38.51034,287.8596,0.41,0
1776967195,k3s-control,74.7826128,17.3913007,0.0,1185.2266,1091.5244,220.9722,5.52,0
1776967195,k3s-worker-2,8.1632652,3.0612241,0.5102041,1169.1133,23.1725,251.8161,0.11,0
1776967195,k3s-worker-3,5.0761421,2.030457,0.0,750.5195,42.68474,259.3192,0.25,0
1776967195,k3s-worker-4,7.0707068,4.0404039,0.5050505,666.1719,43.78808,269.4156,0.07,0
1776967195,raspberrypi,3.266332,0.7537688,0.0,2256.766,35.53987,273.2673,0.41,0
1776967197,k3s-control,53.5353497,8.585859,0.0,1180.8984,1114.5868,243.4447,6.04,0
1776967197,k3s-worker-2,7.1065988,3.0456849,0.0,1161.9766,41.17376,275.0906,0.18,0
1776967197,k3s-worker-3,7.5757578,3.5353539,0.0,750.5195,47.7697,259.8418,0.25,0
1776967197,k3s-worker-4,9.1370563,4.0609141,0.0,666.1719,55.52851,278.827,0.07,0
1776967197,raspberrypi,2.267003,0.7556675,0.0,2260.109,36.85432,264.4837,0.38,0
1776967200,k3s-control,46.192893,12.1827418,0.0,1178.7109,1093.5879,247.9523,6.04,0
1776967200,k3s-worker-2,7.6142127,2.5380709,0.0,1161.9766,35.72762,261.3358,0.18,0
1776967200,k3s-worker-3,5.583756,3.553299,0.0,750.0391,43.14153,252.1823,0.23,0
1776967200,k3s-worker-4,10.0502511,5.5276381,0.0,666.1719,48.12009,263.1473,0.07,0
1776967200,raspberrypi,2.0100501,1.0050251,0.0,2259.25,30.39093,268.7175,0.43,0
1776967203,k3s-control,79.6116492,10.6796119,0.0,1195.0703,1124.2359,237.911,6.6,0
1776967203,k3s-worker-2,8.6294419,3.553299,0.0,1161.2656,31.81068,257.6885,0.25,0
1776967203,k3s-worker-3,8.5858588,2.020202,0.0,748.5898,48.18839,269.1344,0.23,0
1776967203,k3s-worker-4,9.5477385,4.0201008,0.0,664.4766,47.4525,262.9694,0.07,0
1776967203,raspberrypi,2.2556391,1.0025063,0.0,2258.844,35.28201,269.3443,0.43,0
1776967206,k3s-control,55.6122416,11.7346943,0.0,1196.2109,1108.9025,242.4157,6.6,0
1776967206,k3s-worker-2,8.6294417,2.5380709,0.0,1160.2812,32.10636,254.983,0.25,0
1776967206,k3s-worker-3,7.0707069,4.0404039,0.0,749.4219,37.98213,252.6788,0.21,0
1776967206,k3s-worker-4,11.1675128,3.0456849,0.0,664.4766,40.81044,252.2975,0.06,0
1776967206,raspberrypi,1.5151515,1.010101,0.0,2260.156,34.991,266.9262,0.43,0
1776967209,k3s-control,68.7943275,14.8936164,0.0,1188.1953,1094.9389,209.083,6.71,0
1776967209,k3s-worker-2,5.5555561,2.525253,0.0,1160.0469,33.88057,262.4475,0.22,0
1776967209,k3s-worker-3,8.6294422,6.0913712,0.0,744.0078,40.20121,260.1225,0.21,0
1776967209,k3s-worker-4,7.1428573,3.5714291,0.0,664.4766,43.75312,262.128,0.06,0
1776967209,raspberrypi,2.7777779,0.7575758,0.0,2260.906,48.19641,274.1244,0.4,0
1776967211,k3s-control,62.3529425,10.0000004,0.0,1189.793,1104.0107,202.7559,6.71,0
1776967211,k3s-worker-2,9.0909087,3.5353539,0.0,1160.0469,27.96875,248.6967,0.22,0
1776967211,k3s-worker-3,7.6142133,3.0456851,0.0,743.7891,35.59426,249.593,0.19,0
1776967211,k3s-worker-4,7.1065987,3.0456849,0.0,664.2578,42.92321,251.2686,0.05,0
1776967211,raspberrypi,1.763224,1.0075567,0.0,2262.391,34.89843,269.9188,0.36,0
1776967215,k3s-control,48.66667,13.333333,0.0,1189.2891,1072.1959,200.3911,6.29,0
1776967215,k3s-worker-2,9.6446701,3.045685,0.0,1159.8008,46.60728,276.7742,0.21,0
1776967215,k3s-worker-3,9.7938144,3.0927841,0.0,743.7891,49.0403,257.2245,0.19,0
1776967215,k3s-worker-4,6.060606,3.030303,0.0,664.2578,44.46126,259.326,0.05,0
1776967215,raspberrypi,3.25,1.0,0.0,2262.453,34.71618,268.1054,0.36,0
1776967217,k3s-control,50.7537678,12.0603015,0.5025126,1206.5156,996.5049,216.2237,6.29,0
1776967217,k3s-worker-2,10.7142861,4.081633,0.0,1155.8633,33.58691,261.5476,0.21,0
1776967217,k3s-worker-3,9.6446703,4.0609141,0.0,743.7891,43.5728,252.9074,0.17,0
1776967217,k3s-worker-4,8.0402013,2.5125631,0.0,664.2578,48.18595,255.1154,0.05,0
1776967217,raspberrypi,3.517588,1.2562814,0.0,2244.156,41.47623,294.2491,0.5,0
1776967220,k3s-control,57.9831928,10.0840345,6.7226893,1195.7773,1140.5961,189.6552,6.67,0
1776967220,k3s-worker-2,5.0761418,2.0304569,0.0,1155.8633,28.0991,257.4218,0.19,0
1776967220,k3s-worker-3,8.0808076,4.0404038,0.5050505,743.7891,45.63581,259.061,0.15,0
1776967220,k3s-worker-4,12.8865976,6.1855668,0.0,670.7773,69.4498,1655.8903,0.05,0
1776967220,raspberrypi,2.770781,0.7556675,0.0,2248.656,31.58779,265.6898,0.5,0
1776967224,k3s-control,84.6938781,14.2857137,0.0,1173.832,1165.9452,216.2879,6.67,0
1776967224,k3s-worker-2,6.6326532,3.0612241,0.0,1163.0273,25.10035,250.5201,0.17,0
1776967224,k3s-worker-3,9.090909,4.545455,0.0,743.5703,52.04662,282.3367,0.15,0
1776967224,k3s-worker-4,10.6598983,4.0609141,0.0,670.7773,46.33726,264.8529,0.04,0
1776967224,raspberrypi,2.015113,0.7556675,0.0,2252.344,40.94808,287.3719,0.46,0
1776967227,k3s-control,31.2820495,8.7179489,1.025641,1192.2812,1045.1223,218.2544,6.37,0
1776967227,k3s-worker-2,7.5,3.0,0.0,1166.7188,40.91505,261.143,0.17,0
1776967227,k3s-worker-3,6.5989847,3.0456849,0.0,743.3516,41.12294,255.7676,0.14,0
1776967227,k3s-worker-4,6.5989849,3.045685,0.0,670.2969,44.86635,252.1538,0.04,0
1776967227,raspberrypi,2.777778,1.010101,0.0,2255.734,32.25727,270.7201,0.46,0
1776967230,k3s-control,79.9999976,17.1428595,0.0,1180.4492,1061.6259,183.6483,5.94,0
1776967230,k3s-worker-2,7.614213,3.553299,1.0152284,1164.9961,51.2957,277.483,0.16,0
1776967230,k3s-worker-3,6.5326629,2.512563,0.0,743.3516,41.80456,250.4318,0.14,0
1776967230,k3s-worker-4,10.1010101,6.5656571,0.0,669.0664,42.65209,265.0737,0.04,0
1776967230,raspberrypi,2.506266,1.2531328,0.0,2256.688,32.89644,271.0147,0.39,0
1776967234,k3s-control,67.5925914,12.9629633,0.0,1200.2305,1133.5679,210.0277,5.94,0
1776967234,k3s-worker-2,7.070707,2.525253,0.0,1168.1836,40.947,1321.6304,0.16,0
1776967234,k3s-worker-3,6.632653,4.081633,0.0,743.1055,42.30547,270.5378,0.12,0
1776967234,k3s-worker-4,6.5989851,3.5532991,0.0,668.8477,35.83903,251.0681,0.04,0
1776967234,raspberrypi,2.770781,0.7556675,0.0,2258.172,41.07364,279.6699,0.35,0
1776967237,k3s-control,81.5533979,14.5631066,0.0,1198.6992,1048.5342,150.12604,6.19,0
1776967237,k3s-worker-2,6.0913712,2.5380711,0.0,1167.9375,20.98523,255.8835,0.14,0
1776967237,k3s-worker-3,6.5656569,3.5353539,0.0,740.9297,33.34134,250.5865,0.12,0
1776967237,k3s-worker-4,6.5656569,4.0404039,0.0,668.8477,59.17761,273.997,0.04,0
1776967237,raspberrypi,2.5,1.0,0.0,2259.812,32.5157,300.1924,0.35,0
1776967241,k3s-control,35.1190506,11.9047622,0.0,1202.5703,1152.934,218.2576,6.57,0
1776967241,k3s-worker-2,7.0707071,2.020202,0.0,1167.4453,27.96491,254.5596,0.28,0
1776967241,k3s-worker-3,8.0808083,3.5353541,1.010101,740.9297,37.88635,254.6352,0.11,0
1776967241,k3s-worker-4,6.1224488,2.5510199,0.0,668.8477,45.80699,270.5635,0.03,0
1776967241,raspberrypi,3.0075191,1.0025063,0.0,2258.25,33.32596,269.2359,0.33,0
1776967244,k3s-control,33.9285699,13.0952379,0.0,1197.3477,1110.5643,220.2413,6.57,0
1776967244,k3s-worker-2,7.614213,2.030457,0.0,1167.4453,24.47035,247.8951,0.28,0
1776967244,k3s-worker-3,11.167513,4.060914,0.0,740.9297,38.76751,265.2115,0.11,0
1776967244,k3s-worker-4,6.5989847,3.0456849,0.0,670.9922,34.44637,250.6017,0.03,0
1776967244,raspberrypi,1.511335,1.2594458,0.0,2259.75,37.07114,270.8523,0.33,0
1776967247,k3s-control,31.3829808,10.6382983,0.0,1205.1953,1095.4145,239.3938,6.85,0
1776967247,k3s-worker-2,6.0913712,3.0456851,0.0,1167.1992,27.48879,243.6121,0.26,0
1776967247,k3s-worker-3,19.5979909,15.5778897,0.0,740.7109,42.54397,261.844,0.1,0
1776967247,k3s-worker-4,8.5858588,2.5252529,0.0,670.0469,41.46776,253.4797,0.03,0
1776967247,raspberrypi,3.4912721,1.4962594,0.0,2255.422,32.59224,266.6841,0.3,0
1776967250,k3s-control,33.1460702,12.3595511,10.1123601,1202.7656,1121.7917,226.0462,6.85,0
1776967250,k3s-worker-2,6.598985,3.045685,0.0,1161.7852,34.67355,268.1036,0.26,0
1776967250,k3s-worker-3,10.6598984,3.5532991,0.0,740.7109,35.67635,262.4163,0.1,0
1776967250,k3s-worker-4,7.070707,2.525253,0.0,665.8633,38.91485,255.0149,0.03,0
1776967250,raspberrypi,2.5316459,2.5316459,0.0,2247.656,32.47583,282.337,0.3,0
1776967253,k3s-control,66.9291335,10.2362205,0.7874016,1201.3008,1080.7169,196.4314,6.3,0
1776967253,k3s-worker-2,8.0402013,4.5226132,0.0,1161.7852,28.53248,253.2885,0.24,0
1776967253,k3s-worker-3,7.1428568,3.0612239,0.0,748.1211,153.19504,267.2229,0.18,0
1776967253,k3s-worker-4,7.6142131,2.538071,0.0,665.6445,79.17499,247.1135,0.03,0
1776967253,raspberrypi,1.7676769,1.2626263,0.0,2252.844,61.89316,287.6906,0.27,0
1776967256,k3s-control,74.7747731,11.7117125,11.7117125,1188.043,1108.7956,184.8405,6.3,0
1776967256,k3s-worker-2,6.565657,2.525253,0.0,1160.0586,27.23249,274.52,0.24,0
1776967256,k3s-worker-3,8.5427139,4.020101,0.0,747.6562,36.30426,250.8917,0.15,0
1776967256,k3s-worker-4,5.5276382,3.0150751,0.0,665.1523,34.09547,250.7908,0.03,0
1776967256,raspberrypi,1.7676769,1.2626263,0.0,2261.047,124.78808,314.9242,0.27,0
1776967259,k3s-control,79.8076928,13.4615385,0.0,1189.3203,1086.7483,194.3695,5.4,0
1776967259,k3s-worker-2,7.1428568,2.0408159,0.0,1160.0586,32.81265,270.6495,0.22,0
1776967259,k3s-worker-3,6.5656569,3.0303029,0.0,750.8477,37.18706,247.2013,0.15,0
1776967259,k3s-worker-4,5.555556,2.525253,0.0,665.1523,34.69577,250.7924,0.02,0
1776967259,raspberrypi,2.244389,1.2468828,0.0,2262.094,30.92452,269.4422,0.25,0
1776967263,k3s-control,48.888888,15.5555554,0.0,1199.0234,1068.4829,195.8736,5.4,0
1776967263,k3s-worker-2,8.5858588,3.0303029,0.0,1165.3008,29.32727,261.8967,0.2,0
1776967263,k3s-worker-3,7.0,4.5,0.0,750.8477,48.02247,255.2634,0.14,0
1776967263,k3s-worker-4,6.0301511,3.015075,0.0,664.6875,44.90845,263.099,0.02,0
1776967263,raspberrypi,4.25,0.75,0.0,2262.234,38.63149,266.1586,0.23,0
1776967266,k3s-control,32.5842703,12.3595511,1.1235955,1196.332,1108.2104,217.9023,5.61,0
1776967266,k3s-worker-2,6.1224488,3.0612239,0.0,1164.332,23.45502,242.6873,0.2,0
1776967266,k3s-worker-3,6.5989848,3.5532989,0.0,751.1328,43.75108,263.2942,0.14,0
1776967266,k3s-worker-4,5.0761422,3.0456851,0.0,664.6875,55.89186,272.712,0.02,0
1776967266,raspberrypi,2.015113,1.0075567,0.0,2263.781,41.93611,295.0583,0.23,0
1776967269,k3s-control,76.1061932,15.0442486,0.0,1198.5938,1151.7158,249.4428,5.16,0
1776967269,k3s-worker-2,8.1632654,2.5510201,0.0,1164.1133,42.72024,277.036,0.19,0
1776967269,k3s-worker-3,7.6142134,4.0609142,0.0,750.4023,67.59789,284.2418,0.13,0
1776967269,k3s-worker-4,6.0913707,3.5532989,0.0,664.6875,50.71532,263.7114,0.02,0
1776967269,raspberrypi,2.518892,1.0075567,0.0,2265.047,47.3055,292.0049,0.2,0
1776967272,k3s-control,62.0437969,8.0291966,0.0,1205.0703,1066.984,198.2692,5.16,0
1776967272,k3s-worker-2,7.1065988,3.5532989,0.0,1163.6211,65.68124,289.647,0.19,0
1776967272,k3s-worker-3,6.532663,4.020101,0.0,749.6641,37.98335,251.8368,0.13,0
1776967272,k3s-worker-4,6.565657,2.525253,0.0,664.4688,42.18149,252.1373,0.02,0
1776967272,raspberrypi,2.25,1.25,0.0,2265.297,31.94657,267.5527,0.2,0
1776967275,k3s-control,79.8076916,11.5384622,0.0,1196.3672,1076.4177,198.6,4.75,0
1776967275,k3s-worker-2,8.1632654,2.5510201,0.0,1163.6211,33.0726,261.2147,0.17,0
1776967275,k3s-worker-3,7.5,2.5,0.0,748.9531,42.86304,260.1657,0.12,0
1776967275,k3s-worker-4,6.1224491,2.55102,0.0,664.4688,48.82891,252.3159,0.02,0
1776967275,raspberrypi,3.0226701,1.0075567,0.0,2266.797,41.90444,262.3559,0.18,0
1776967279,k3s-control,50.0000004,11.8055561,0.0,1193.5859,1092.3615,2215.648,4.75,0
1776967279,k3s-worker-2,7.6142127,2.5380709,0.0,1168.9961,23.29893,253.3705,0.17,0
1776967279,k3s-worker-3,6.532663,3.015075,0.0,748.9531,53.71275,263.804,0.1187898,0
1776967279,k3s-worker-4,7.5757576,5.0505047,0.0,668.3594,55.79266,262.6448,0.02,0
1776967279,raspberrypi,3.0226701,1.0075567,0.0,2256.109,42.33247,279.0574,0.18,0
1776967282,k3s-control,33.5135095,9.7297298,0.0,1184.0586,1082.0596,204.4578,4.69,0
1776967282,k3s-worker-2,6.565657,2.020202,0.0,1168.7773,32.47275,250.2057,0.14,0
1776967282,k3s-worker-3,6.0606061,3.030303,0.0,748.9531,56.01397,289.7546,0.11,0
1776967282,k3s-worker-4,5.5555561,2.020202,0.0,667.6641,56.24612,1116.0649,0.02,0
1776967282,raspberrypi,2.0050131,1.2531329,0.0,2258.672,35.6773,267.6131,0.25,0
1776967284,k3s-control,47.4747486,11.1111107,0.0,1179.6367,1130.7607,245.329,4.69,0
1776967284,k3s-worker-2,7.1065987,2.5380709,0.0,1171.0586,37.14222,260.2849,0.14,0
1776967284,k3s-worker-3,8.6294422,2.5380711,0.5076142,753.1953,51.76871,288.5235,0.11,0
1776967284,k3s-worker-4,7.6142134,4.0609142,1.0152284,667.6641,67.02851,288.7801,0.02,0
1776967284,raspberrypi,2.261307,1.0050251,0.0,2259.766,57.3042,294.7124,0.25,0
1776967287,k3s-control,68.0,7.0,0.0,1171.9102,1137.4288,247.3782,4.95,0
1776967287,k3s-worker-2,8.6294417,2.5380709,0.0,1166.6719,42.7547,266.0522,0.13,0
1776967287,k3s-worker-3,6.5326629,2.512563,0.0,751.7891,61.98076,1279.8817,0.1,0
1776967287,k3s-worker-4,11.7948724,2.0512821,0.0,667.6641,45.31889,255.0727,0.01,0
1776967287,raspberrypi,2.25,1.25,0.0,2262.328,38.06671,268.4171,0.23,0
1776967289,k3s-control,48.7437177,12.0603014,1.5075376,1173.8242,1137.2767,435.8406,4.95,0
1776967289,k3s-worker-2,7.6142132,3.0456851,0.0,1166.6719,67.98927,262.0556,0.13,0
1776967289,k3s-worker-3,10.6060605,2.5252529,0.0,753.4141,75.54225,257.2537,0.1,0
1776967289,k3s-worker-4,6.1224491,2.040816,0.0,668.707,78.26795,264.1443,0.01,0
1776967289,raspberrypi,2.267003,0.7556675,0.0,2262.531,63.70062,272.3154,0.23,0
1776967291,k3s-control,50.505049,9.5959598,10.1010098,1178.6328,1127.2286,238.5523,5.44,0
1776967291,k3s-worker-2,8.6734687,3.0612239,0.0,1166.6719,43.97892,260.9692,0.12,0
1776967291,k3s-worker-3,7.1065993,3.5532991,0.0,752.6758,46.90574,261.6454,0.09,0
1776967291,k3s-worker-4,7.5757578,4.0404039,0.0,673.5273,43.62358,254.373,0.01,0
1776967291,raspberrypi,2.2727271,0.5050505,0.0,2263.75,38.37258,269.5363,0.23,0
1776967294,k3s-control,47.9591808,9.6938782,1.0204082,1188.5039,1134.2985,500.0793,5.44,0
1776967294,k3s-worker-2,7.1065988,3.0456849,0.5076142,1166.6719,82.72743,281.4806,0.12,0
1776967294,k3s-worker-3,6.0913712,2.5380711,0.0,752.6758,73.62752,267.3493,0.09,0
1776967294,k3s-worker-4,6.091371,3.553299,0.0,673.2852,118.20413,267.3303,0.01,0
1776967294,raspberrypi,2.756892,1.0025063,0.0,2263.188,57.3695,270.8025,0.21,0
1776967296,k3s-control,44.1624401,11.167513,0.0,1168.5078,1108.0734,238.6701,6.68,0
1776967296,k3s-worker-2,6.666667,2.564103,0.0,1166.6719,180.2363,369.0445,0.12,0
1776967296,k3s-worker-3,7.6530611,3.061224,0.0,747.2617,85.27453,278.032,0.08,0
1776967296,k3s-worker-4,6.1855668,2.0618559,0.0,673.2852,84.18783,263.78,0.01,0
1776967296,raspberrypi,2.2556391,0.7518797,0.0,2263.672,48.00219,286.3815,0.21,0
1776967299,k3s-control,80.5,11.0,1.0,1167.9336,1144.8555,256.6295,6.68,0
1776967299,k3s-worker-2,9.1370557,2.0304569,0.0,1166.6719,39.7692,268.0812,0.11,0
1776967299,k3s-worker-3,7.1065993,5.0761422,0.0,749.3516,58.95601,280.5451,0.08,0
1776967299,k3s-worker-4,7.5757579,3.030303,0.0,673.2852,48.5105,269.0128,0.01,0
1776967299,raspberrypi,2.518892,0.7556675,0.0,2264.281,38.58429,280.8746,0.27,0
1776967301,k3s-control,60.8187149,10.5263168,0.0,1173.6641,1005.2607,212.1408,6.47,0
1776967301,k3s-worker-2,7.1428572,2.5510201,0.0,1166.4531,31.83195,248.5565,0.1,0
1776967301,k3s-worker-3,6.060606,3.030303,0.0,749.1172,40.75085,256.0515,0.08,0
1776967301,k3s-worker-4,5.0505051,2.525253,0.0,676.4766,39.3806,253.7828,0.01,1
1776967301,raspberrypi,2.2842641,0.7614213,0.0,2261.562,43.17619,278.2683,0.25,0
1776967305,k3s-control,78.431373,18.6274507,0.0,1157.2344,1118.9281,216.7927,6.47,0
1776967305,k3s-worker-2,6.6326529,3.061224,0.0,1166.4531,38.80875,249.6982,0.1,0
1776967305,k3s-worker-3,5.555556,3.030303,0.0,748.8984,69.06044,263.6454,0.07,0
1776967305,k3s-worker-4,27.0833301,35.9375001,6.770833,656.5703,2563.073,369.0592,0.01,1
1776967305,raspberrypi,2.5125629,2.0100499,0.0,2255.812,52.84798,277.3379,0.25,0
1776967309,k3s-control,64.9122794,20.1754398,0.0,1161.2109,1205.8922,300.3004,7.23,0
1776967309,k3s-worker-2,6.0606061,2.525253,0.0,1165.2344,38.42133,258.4657,0.09,0
1776967309,k3s-worker-3,5.5555561,3.030303,0.0,747.668,42.76061,256.0547,0.06,0
1776967309,k3s-worker-4,54.5,43.5,0.0,74.94141,64.73419,319.7508,0.25,1
1776967309,raspberrypi,3.0075189,1.2531328,0.0,2252.797,53.31638,303.5473,0.23,0
1776967312,k3s-control,64.6616523,15.7894746,9.7744364,1199.3125,1038.9728,273.5107,6.65,0
1776967312,k3s-worker-2,6.5326631,4.020101,0.0,1165.0781,38.05127,262.1595,0.09,0
1776967312,k3s-worker-3,6.0913712,3.0456851,0.0,748.0938,45.54507,269.7382,0.06,0
1776967312,k3s-worker-4,84.0,15.5,0.0,79.62891,43.6867,287.5635,0.25,1
1776967312,raspberrypi,2.267003,0.5037783,0.2518892,2255.125,41.99327,264.2469,0.21,0
1776967315,k3s-control,43.3120994,13.3757958,0.0,1183.0156,1211.8071,258.6005,6.65,0
1776967315,k3s-worker-2,9.1836726,5.1020408,0.0,1171.1055,28.92634,250.66,0.09,0
1776967315,k3s-worker-3,5.6122449,2.040816,0.0,748.9219,50.45258,272.1974,0.06,0
1776967315,k3s-worker-4,80.904526,18.5929614,0.0,715.9609,276.1954,302.3543,0.55,1
1776967315,raspberrypi,2.01005,0.7537688,0.0,2259.266,40.04342,295.3381,0.21,0
1776967318,k3s-control,79.4117648,18.6274511,0.0,1175.3164,1134.54,427.7085,5.94,0
1776967318,k3s-worker-2,5.5555561,2.525253,0.0,1171.6445,26.46228,251.6825,0.32,0
1776967318,k3s-worker-3,6.091371,3.045685,0.5076142,747.7344,43.77973,265.021,0.05,0
1776967318,k3s-worker-4,86.5671636,12.4378115,0.0,839.3516,77.93933,329.6624,0.55,1
1776967318,raspberrypi,2.267003,0.5037783,0.0,2259.562,37.96777,298.6644,0.21,0
1776967321,k3s-control,44.3850275,10.6951864,8.0213895,1195.6172,1149.6149,258.916,5.94,0
1776967321,k3s-worker-2,8.5858593,4.5454552,1.5151516,1169.7188,33.10675,265.4512,0.32,0
1776967321,k3s-worker-3,6.0913712,2.0304571,0.0,747.7344,39.83827,252.2525,0.05,0
1776967321,k3s-worker-4,84.5771136,13.4328366,0.0,134.53906,81.41462,312.3134,0.91,1
1776967321,raspberrypi,2.5,0.75,0.0,2260.234,24.44918,241.8999,0.18,0
1776967324,k3s-control,68.7499999,16.071429,0.0,1171.7227,1046.4269,211.7409,5.46,0
1776967324,k3s-worker-2,5.5837562,2.5380711,0.0,1168.4883,27.34043,253.9317,0.29,0
1776967324,k3s-worker-3,6.598985,3.045685,0.0,747.1133,41.67044,254.3722,0.05,0
1776967324,k3s-worker-4,95.5223883,3.4825869,0.0,73.03906,49.70667,284.1218,0.91,1
1776967324,raspberrypi,2.272727,1.010101,0.0,2261.094,60.21993,311.1859,0.16,0
1776967327,k3s-control,71.4285714,11.4285712,0.0,1186.9688,1212.1008,236.4032,5.46,0
1776967327,k3s-worker-2,7.1065987,3.0456849,0.0,1166.5469,35.33565,257.7634,0.29,0
1776967327,k3s-worker-3,5.583756,3.553299,0.0,744.7734,48.48129,267.1289,0.05,0
1776967327,k3s-worker-4,94.0,4.0,0.0,79.44141,38.51924,271.6576,1.07,1
1776967327,raspberrypi,2.2727271,0.5050505,0.0,2262.266,32.31171,302.8922,0.16,0
1776967331,k3s-control,62.3931594,9.4017089,0.0,1179.2227,1144.8449,221.1813,5.1,0
1776967331,k3s-worker-2,5.5837558,2.0304569,0.0,1166.5469,22.99201,247.367,0.32,0
1776967331,k3s-worker-3,6.1224488,2.5510199,0.0,747.0156,52.54236,270.3983,0.04,0
1776967331,k3s-worker-4,95.5,3.5,0.0,76.28125,72.63041,300.7778,1.23,1
1776967331,raspberrypi,2.244389,0.9975062,0.2493766,2263.375,31.42754,261.6627,0.15,0
1776967334,k3s-control,53.2258083,19.3548394,0.8064516,1166.1836,1128.8576,284.918,5.26,0
1776967334,k3s-worker-2,6.0913709,2.5380709,0.0,1166.0547,29.60428,252.3366,0.32,0
1776967334,k3s-worker-3,7.1065987,3.0456849,0.0,746.2773,37.69141,255.615,0.04,0
1776967334,k3s-worker-4,93.4673366,4.0201009,0.0,67.69531,48.02608,271.2256,1.23,1
1776967334,raspberrypi,1.995012,1.4962594,0.0,2264.812,32.95227,264.5773,0.15,0
1776967337,k3s-control,32.2580599,9.677419,2.150538,1161.5508,1204.8384,265.0775,5.26,0
1776967337,k3s-worker-2,7.1065991,3.5532991,0.0,1166.0547,27.2885,255.3284,0.3,0
1776967337,k3s-worker-3,7.1428574,3.0612241,0.0,749.4219,37.61912,250.9313,0.04,0
1776967337,k3s-worker-4,94.5273626,3.9801001,0.0,67.69531,41.26257,273.1897,1.37,1
1776967337,raspberrypi,3.2745592,1.2594459,0.0,2252.266,36.12684,289.7856,0.22,0
1776967340,k3s-control,62.2807006,15.7894742,1.754386,1174.5547,1142.057,171.9215,4.83,0
1776967340,k3s-worker-2,7.6142132,3.0456851,0.0,1164.9961,20.23823,247.1368,0.27,0
1776967340,k3s-worker-3,5.6122453,2.5510201,0.0,749.4219,34.34227,256.0428,0.04,0
1776967340,k3s-worker-4,93.0,6.5,0.0,74.49609,77.31547,1796.683,1.37,1
1776967340,raspberrypi,2.4937659,1.4962593,0.0,2254.172,39.50208,286.1934,0.2,0
1776967344,k3s-control,53.7037028,26.8518514,0.9259259,1163.5273,1043.4519,222.1708,4.83,0
1776967344,k3s-worker-2,5.6122451,2.55102,0.5102041,1164.5039,25.63406,249.5138,0.27,0
1776967344,k3s-worker-3,6.1224492,4.0816332,0.0,749.2031,49.93125,271.2389,0.04,0
1776967344,k3s-worker-4,77.1144263,21.8905489,0.0,258.1211,42.34197,285.8244,1.62,1
1776967344,raspberrypi,1.754386,1.2531328,0.0,2258.359,28.47664,247.0391,0.2,0
1776967347,k3s-control,84.1584166,12.8712865,0.0,1153.7656,1078.7059,189.3407,4.45,0
1776967347,k3s-worker-2,6.5656569,3.5353539,0.0,1166.293,28.79684,252.5259,0.73,0
1776967347,k3s-worker-3,6.0913712,3.0456851,0.0,748.957,41.22306,255.1375,0.03,0
1776967347,k3s-worker-4,88.9447236,11.0552764,0.0,65.19531,41.26589,270.07,1.73,1
1776967347,raspberrypi,2.9925188,0.9975061,0.0,2260.422,48.49829,306.9408,0.18,0
1776967350,k3s-control,41.0071898,18.7050399,4.316547,1201.1328,1116.3853,197.03,4.45,0
1776967350,k3s-worker-2,6.0913707,4.0609138,0.0,1166.293,42.25945,247.9146,0.73,0
1776967350,k3s-worker-3,6.060606,3.535354,0.0,748.7383,36.18287,250.5816,0.03,0
1776967350,k3s-worker-4,78.8944738,20.100501,0.0,714.6523,56.48703,298.8734,1.73,1
1776967350,raspberrypi,2.763819,1.0050251,0.2512563,2262.891,35.46834,290.9514,0.25,0
1776967354,k3s-control,51.7543905,21.9298202,0.0,1175.1406,1086.1485,220.7236,4.09,0
1776967354,k3s-worker-2,7.5757578,4.0404039,0.0,1166.293,48.48105,1650.9688,0.67,0
1776967354,k3s-worker-3,6.1224492,3.0612241,0.5102041,748.4922,44.14096,260.3858,0.03,0
1776967354,k3s-worker-4,96.0,3.5,0.0,76.78125,53.48349,284.1515,1.91,1
1776967354,raspberrypi,3.0,1.0,0.0,2263.438,40.83964,294.1978,0.25,0
1776967357,k3s-control,72.9508207,9.0163931,0.0,1203.0391,1070.4236,212.907,4.48,0
1776967357,k3s-worker-2,6.5989853,2.5380711,0.0,1166.293,28.53445,251.9237,0.62,0
1776967357,k3s-worker-3,9.1370556,4.0609138,0.0,740.8789,38.72464,250.5578,0.03,0
1776967357,k3s-worker-4,84.5,15.0,0.0,691.7422,44.49529,278.4958,2.0,1
1776967357,raspberrypi,2.261307,1.2562814,0.0,2264.469,25.73444,211.2546,0.23,0
1776967361,k3s-control,49.6183189,14.5038167,0.0,1203.0117,1220.2211,226.2705,4.48,0
1776967361,k3s-worker-2,5.555556,2.525253,0.0,1166.293,20.45449,249.849,0.62,0
1776967361,k3s-worker-3,4.5918371,2.5510201,0.0,740.8789,34.40513,256.9683,0.1,0
1776967361,k3s-worker-4,96.0396038,2.9702971,0.0,64.69531,50.299,301.0555,2.0,1
1776967361,raspberrypi,1.7587941,1.0050251,0.0,2265.984,35.39709,318.7632,0.21,0
1776967364,k3s-control,73.52941,21.56863,0.0,1171.8438,1079.5152,225.2183,5.41,0
1776967364,k3s-worker-2,6.091371,3.553299,0.0,1165.8398,30.7822,256.0016,0.57,0
1776967364,k3s-worker-3,7.5757579,3.030303,0.0,740.6602,35.2018,257.4944,0.1,0
1776967364,k3s-worker-4,91.5422887,7.9601989,0.0,632.6484,48.99793,281.9272,2.08,1
1776967364,raspberrypi,2.7638191,0.7537688,0.0,2261.609,28.75997,213.5661,0.21,0
1776967367,k3s-control,84.3137266,11.7647055,0.0,1185.1641,1011.008,209.1663,4.97,0
1776967367,k3s-worker-2,10.6598984,4.5685282,0.0,1164.3516,36.26409,275.0794,0.57,0
1776967367,k3s-worker-3,6.532663,3.015075,0.0,740.6602,40.97744,254.2275,0.1,0
1776967367,k3s-worker-4,67.3469427,30.6122412,0.0,74.51953,42.7498,265.3763,2.08,1
1776967367,raspberrypi,3.0226702,1.5113351,0.0,2259.234,27.66938,292.4876,0.19,0
1776967371,k3s-control,56.0,12.0,0.0,1173.0859,1155.6372,481.2091,4.97,0
1776967371,k3s-worker-2,7.070707,3.030303,0.0,1164.1055,73.41573,256.7706,0.56,0
1776967371,k3s-worker-3,6.0606058,4.0404039,1.5151515,740.6602,78.83342,272.5983,0.1,0
1776967371,k3s-worker-4,84.0,16.0,0.0,63.15234,113.68144,400.7249,2.16,1
1776967371,raspberrypi,2.0100501,1.0050251,0.0,2258.781,55.35751,287.9256,0.19,0
1776967374,k3s-control,68.9320401,26.2135901,0.0,1158.3047,1158.4942,194.243,4.21,0
1776967374,k3s-worker-2,6.6666669,2.564103,1.025641,1163.6133,29.26909,260.6972,0.56,0
1776967374,k3s-worker-3,6.5989851,3.5532991,0.0,740.6602,41.03794,262.2992,0.09,0
1776967374,k3s-worker-4,89.3617018,10.6382982,0.0,79.37891,51.91717,335.5444,2.3,1
1776967374,raspberrypi,2.2556391,1.0025063,0.0,2260.984,30.90412,283.6699,0.16,0
1776967378,k3s-control,66.0,32.0,0.0,1147.8672,1295.6637,315.6475,4.21,0
1776967378,k3s-worker-2,6.1224491,2.55102,0.0,1149.6836,56.63175,297.1264,0.51,0
1776967378,k3s-worker-3,6.6326531,2.040816,0.0,740.6602,38.99504,251.0929,0.09,0
1776967378,k3s-worker-4,78.4313747,19.6078412,0.0,69.08203,89.4073,226.0859,2.3,1
1776967378,raspberrypi,1.75,1.5,0.0,2263.188,23.34041,339.0975,0.15,0
1776967382,k3s-control,55.0458733,33.944952,0.0,1121.7031,1143.4245,204.5284,4.11,0
1776967382,k3s-worker-2,40.5128218,24.6153811,19.4871809,1102.2188,143.50313,357.585,0.55,0
1776967382,k3s-worker-3,53.0,36.5,6.5,703.2812,225.8042,374.2479,0.08,0
1776967382,k3s-worker-4,72.0,26.0,0.0,94.78516,150.30103,336.4074,2.44,1
1776967382,raspberrypi,1.763224,1.2594458,0.0,2259.969,20.71808,266.5916,0.15,0
1776967386,k3s-control,72.5490215,23.5294105,0.0,1133.1641,1179.7624,216.736,4.58,0
1776967386,k3s-worker-2,36.363638,10.1010094,14.6464642,873.5039,34.18404,261.5417,0.55,0
1776967386,k3s-worker-3,22.5641018,11.7948729,22.5641018,696.2266,34.1081,261.2963,0.31,0
1776967386,k3s-worker-4,80.0,18.0,0.0,77.69922,77.68779,363.8326,3.93,1
1776967386,raspberrypi,2.2556391,1.0025063,0.0,2263.406,16.79117,265.8397,0.14,0
1776967389,k3s-control,80.1980224,16.8316805,0.0,1112.1992,1168.1254,196.2271,4.58,0
1776967389,k3s-worker-2,54.0,5.0,1.5,609.9609,37.55786,262.6807,0.59,0
1776967389,k3s-worker-3,17.3469398,15.8163268,23.4693897,551.7695,42.24789,269.1063,0.31,0
1776967389,k3s-worker-4,68.75,31.25,0.0,63.67188,70.03782,405.0833,3.93,1
1776967389,raspberrypi,2.0100501,1.0050251,0.0,2262.562,18.10417,279.0661,0.13,0
1776967393,k3s-control,67.3267334,17.8217809,4.9504952,1106.1719,1166.0969,214.2005,4.3,0
1776967393,k3s-worker-2,6.1224491,3.5714291,0.0,664.3789,46.375,267.5375,0.62,0
1776967393,k3s-worker-3,25.8883207,3.5532991,0.0,477.6953,53.92394,291.46,0.37,0
1776967393,k3s-worker-4,73.9130452,23.9130417,0.0,72.74219,66.20481,362.9468,4.17,1
1776967393,raspberrypi,2.005013,1.0025063,0.0,2263.125,41.06935,288.3081,0.13,0
1776967396,k3s-control,53.9682524,10.3174605,3.9682542,981.6914,1163.1022,201.2991,4.11,0
1776967396,k3s-worker-2,7.1065991,3.5532991,0.0,679.7109,36.49913,253.25,0.62,0
1776967396,k3s-worker-3,5.6410257,3.0769228,5.6410257,505.4336,31.48428,249.602,0.42,0
1776967396,k3s-worker-4,86.7924526,11.3207553,0.0,86.37891,55.45972,344.3043,6.22,1
1776967396,raspberrypi,4.2606518,2.0050129,0.0,2253.391,43.01364,285.0461,0.12,0
1776967400,k3s-control,52.5547421,10.2189784,0.0,988.5938,1182.8184,1282.0376,4.11,0
1776967400,k3s-worker-2,6.6326528,2.5510199,0.0,693.8203,40.54884,254.6593,0.57,0
1776967400,k3s-worker-3,6.030151,2.512563,0.5025126,518.2344,61.27761,270.5923,0.39,0
1776967400,k3s-worker-4,76.92308,23.07692,0.0,77.50391,40.17072,314.3329,6.22,1
1776967400,raspberrypi,3.015075,1.0050251,0.0,2255.281,25.16968,291.7043,0.11,0
1776967404,k3s-control,75.7575792,23.2323198,0.0,1017.9648,1182.8439,191.5502,3.94,0
1776967404,k3s-worker-2,6.5989853,2.5380711,0.0,693.5742,44.86255,259.0386,0.52,0
1776967404,k3s-worker-3,7.0351761,3.517588,0.0,525.2109,71.00376,331.6174,0.39,0
1776967404,k3s-worker-4,30.8411193,11.2149527,57.0093486,1088.7812,75.43146,1571.5,6.36,1
1776967404,raspberrypi,2.2556391,1.0025063,0.0,2258.688,22.28654,187.3133,0.11,0
1776967407,k3s-control,22.4137915,10.9195407,1.1494254,1053.7383,1205.3885,236.0328,3.94,0
1776967407,k3s-worker-2,8.1632654,2.5510201,0.0,705.6719,35.6117,250.6976,0.52,0
1776967407,k3s-worker-3,6.0913709,2.5380709,0.0,533.0859,50.19379,1260.744,0.33,0
1776967407,k3s-worker-4,30.3370795,13.4831458,55.0561792,1068.3359,54.69362,300.1631,6.36,1
1776967407,raspberrypi,2.763819,1.2562814,0.0,2260.516,20.76515,253.2275,0.1,0
1776967409,k3s-control,34.5360797,11.3402059,3.608247,1061.4492,1256.0023,294.1868,4.05,0
1776967409,k3s-worker-2,8.1218272,2.5380711,0.0,705.6719,70.77044,260.8891,0.5099925,0
1776967409,k3s-worker-3,5.5837558,2.0304569,0.0,532.6211,57.53329,261.2756,0.33,0
1776967409,k3s-worker-4,39.1891895,17.5675698,41.8918894,1009.793,140.43679,304.8666,6.41,1
1776967409,raspberrypi,1.754386,1.0025063,0.0,2260.984,26.54021,298.5886,0.1,0
1776967412,k3s-control,36.7346932,16.3265324,0.0,1037.3164,1158.9673,258.9746,4.05,0
1776967412,k3s-worker-2,7.6142127,2.5380709,0.0,709.4141,63.24157,288.8595,0.44,0
1776967412,k3s-worker-3,6.0606061,2.525253,0.0,532.6211,38.68163,253.6055,0.3,0
1776967412,k3s-worker-4,42.6470608,23.5294104,32.3529406,942.9805,150.09395,352.4871,6.41,1
1776967412,raspberrypi,4.0100251,2.005013,0.0,2256.641,43.70078,275.9753,0.17,0
1776967415,k3s-control,44.3608992,15.0375937,2.255639,1062.6055,1302.618,356.9599,5.01,0
1776967415,k3s-worker-2,6.598985,3.045685,0.0,707.7344,55.27509,1087.8446,0.41,0
1776967415,k3s-worker-3,8.1218274,4.5685282,0.0,547.4258,51.2174,268.253,0.3,0
1776967415,k3s-worker-4,17.5,5.625,22.5,860.0742,65.77151,326.4624,6.62,1
1776967415,raspberrypi,2.5,1.0,0.0,2259.75,23.74795,298.8659,0.17,0
1776967418,k3s-control,38.6075925,13.9240519,5.0632913,1057.4844,1060.7537,219.7131,5.01,0
1776967418,k3s-worker-2,23.58974,17.94872,0.0,707.4883,43.13188,256.1363,0.41,0
1776967418,k3s-worker-3,10.2564105,5.1282053,0.0,555.3008,40.97023,250.1692,0.28,0
1776967418,k3s-worker-4,39.3258404,7.8651691,25.8427003,681.9141,46.33769,272.7999,6.62,1
1776967418,raspberrypi,3.5264482,1.0075568,0.0,2261.516,66.74891,326.1298,0.16,0
1776967421,k3s-control,47.05882,24.36975,1.680672,1056.4609,1099.5498,394.0903,4.61,0
1776967421,k3s-worker-2,6.6326532,3.0612241,0.0,707.4883,62.79646,257.9211,0.37,0
1776967421,k3s-worker-3,5.1020412,2.0408161,0.0,555.3789,36.7605,255.4995,0.28,0
1776967421,k3s-worker-4,56.0606066,6.0606056,0.0,701.8984,45.87576,284.4443,6.65,0
1776967421,raspberrypi,2.005013,1.0025063,0.0,2258.562,183.5301,314.4269,0.14,1
1776967425,k3s-control,54.7008528,20.512821,6.8376073,1060.4258,1180.838,389.69,4.586204,0
1776967425,k3s-worker-2,7.5757577,5.5555557,0.0,707.0234,65.41744,275.9875,0.37,0
1776967425,k3s-worker-3,7.142857,6.632653,0.0,555.1328,56.16253,274.6888,0.25,0
1776967425,k3s-worker-4,49.9999993,19.9999997,28.5714296,724.8867,58.89361,293.9142,7.32,0
1776967425,raspberrypi,4.7858938,2.7707809,0.0,2224.281,3217.965,352.6229,0.14,1
1776967428,k3s-control,70.2702686,9.9099098,0.0,1038.4922,1201.0473,234.9419,4.4,0
1776967428,k3s-worker-2,10.2040823,8.1632652,0.0,702.3477,45.76473,261.791,0.58,0
1776967428,k3s-worker-3,6.7010309,2.57732,0.0,554.9141,48.26915,264.4657,0.23,0
1776967428,k3s-worker-4,6.1538461,2.564103,0.0,732.2734,44.12609,264.2749,7.32,0
1776967428,raspberrypi,2.5316461,1.5189873,0.0,2212.156,3287.64,380.7163,0.13,1
1776967431,k3s-control,79.2079216,18.8118804,0.0,1016.3789,1142.4907,222.217,4.29,0
1776967431,k3s-worker-2,7.6142131,2.538071,0.0,702.1289,33.47353,252.2805,0.54,0
1776967431,k3s-worker-3,7.6923079,3.076923,0.0,554.9141,38.80605,264.322,0.23,0
1776967431,k3s-worker-4,6.060606,3.535354,0.0,747.2148,43.42049,280.7611,7.45,0
1776967431,raspberrypi,2.0,1.25,0.0,2208.484,2004.885,406.6349,0.13,1
1776967434,k3s-control,33.1606208,10.3626943,1.0362694,1036.4375,1161.4116,482.4067,4.29,0
1776967434,k3s-worker-2,7.106599,2.538071,0.0,702.1289,45.60707,256.0717,0.54,0
1776967434,k3s-worker-3,7.6923079,2.564103,0.0,554.9141,39.37009,257.693,0.2275798,0
1776967434,k3s-worker-4,5.5837563,3.0456851,0.5076142,747.4844,33.22947,261.3705,7.45,0
1776967434,raspberrypi,2.525253,1.010101,0.5050505,2197.984,2965.382,320.159,0.12,1
1776967437,k3s-control,76.4705898,18.62745,0.0,1026.3711,1049.3025,185.6415,4.58,0
1776967437,k3s-worker-2,6.565657,3.030303,0.0,705.3359,41.24293,255.5747,0.49,0
1776967437,k3s-worker-3,5.6122451,3.061224,0.0,554.9141,35.51303,251.2292,0.21,0
1776967437,k3s-worker-4,7.6142127,2.5380709,0.0,747.2383,39.34349,252.8578,6.76,0
1776967437,raspberrypi,3.5175882,1.5075378,0.0,2198.609,3749.875,412.576,0.12,1
1776967440,k3s-control,32.4607314,10.4712045,2.0942411,1022.0352,1234.4849,234.4215,4.58,0
1776967440,k3s-worker-2,6.6326528,2.5510199,0.0,704.8555,41.90806,262.6259,0.49,0
1776967440,k3s-worker-3,5.5837562,2.0304571,0.0,554.4492,40.17045,256.1068,0.2,0
1776967440,k3s-worker-4,5.1020413,3.0612242,0.0,746.9922,45.51357,262.1226,6.76,0
1776967440,raspberrypi,75.4385979,1.2531328,0.0,2206.297,49.39686,372.2444,0.19,1
1776967443,k3s-control,59.9999981,13.0434776,0.0,1021.3906,1118.1652,214.5927,4.22,0
1776967443,k3s-worker-2,21.3197979,17.7664982,0.0,704.6094,42.2306,256.5579,0.45,0
1776967443,k3s-worker-3,7.1065993,2.0304571,0.0,554.4492,41.77064,256.0683,0.2,0
1776967443,k3s-worker-4,6.598985,2.538071,0.5076142,757.5625,45.67211,276.8888,6.46,0
1776967443,raspberrypi,76.0,0.75,0.0,2211.0,22.62865,277.6202,0.5,1
1776967447,k3s-control,50.4347819,21.7391308,15.6521746,1013.1602,1110.8476,228.4729,4.22,0
1776967447,k3s-worker-2,7.6142131,2.538071,0.0,704.3633,43.06304,258.2088,0.45,0
1776967447,k3s-worker-3,6.0301509,3.015075,0.5025126,552.2344,40.50205,260.1269,0.18,0
1776967447,k3s-worker-4,5.555556,2.525253,1.010101,757.3438,43.94456,262.4852,6.46,0
1776967447,raspberrypi,76.25,1.0,0.0,2213.75,22.89267,277.4427,0.5,1
1776967449,k3s-control,31.7460317,10.5820116,2.1164021,1013.1406,1190.5309,239.4734,3.8,0
1776967449,k3s-worker-2,8.0808079,2.020202,0.5050505,704.3633,35.347,260.8664,0.42,0
1776967449,k3s-worker-3,6.0606061,2.020202,0.0,549.5273,43.85442,275.5101,0.18,0
1776967449,k3s-worker-4,7.070707,2.525253,0.0,757.0977,37.02697,256.3386,6.26,0
1776967449,raspberrypi,76.0598505,1.2468828,0.2493766,2215.641,26.18423,284.2148,0.7,1
1776967452,k3s-control,87.0,10.0,0.0,1005.875,1133.5476,178.1731,3.8,0
1776967452,k3s-worker-2,9.0909088,3.0303029,0.0,704.1445,29.93567,252.717,0.42,0
1776967452,k3s-worker-3,5.5837562,2.5380711,0.0,549.5273,33.27556,252.2274,0.17,0
1776967452,k3s-worker-4,6.0913712,4.0609142,2.5380711,756.6328,39.55921,268.1119,6.24,0
1776967452,raspberrypi,76.25,0.75,0.0,2219.609,16.322769,278.2969,0.7,1
1776967456,k3s-control,52.8455277,17.0731692,0.8130081,1005.4766,1108.814,197.2735,3.82,0
1776967456,k3s-worker-2,6.6326528,2.5510199,0.0,704.1445,23.31593,261.1963,0.35,0
1776967456,k3s-worker-3,7.0,2.5,0.0,549.3086,33.19199,246.9694,0.17,0
1776967456,k3s-worker-4,6.060606,3.030303,0.0,756.6328,62.1125,269.2432,6.24,0
1776967456,raspberrypi,76.6917276,0.5012531,0.0,2219.875,22.2928,272.6188,1.05,1
1776967459,k3s-control,85.5769226,10.5769233,0.9615385,1034.2422,1128.4227,1188.7791,3.67,0
1776967459,k3s-worker-2,9.1370559,2.538071,0.0,701.6836,24.0427,255.7593,0.35,0
1776967459,k3s-worker-3,7.106599,2.538071,0.0,549.0898,50.67891,262.9777,0.14,0
1776967459,k3s-worker-4,6.1224489,3.0612239,8.1632648,769.4688,49.5696,277.2768,6.22,0
1776967459,raspberrypi,76.6917302,0.7518797,0.0,2217.562,23.29966,284.6316,1.21,1
1776967463,k3s-control,68.3168327,17.8217807,0.990099,1029.4766,1194.1604,201.8874,3.67,0
1776967463,k3s-worker-2,6.5989847,3.0456849,0.0,701.6836,22.30949,248.9861,0.32,0
1776967463,k3s-worker-3,5.1020412,2.0408161,0.0,549.0898,51.93678,259.2848,0.13,0
1776967463,k3s-worker-4,7.106599,2.030457,0.0,769.4688,45.70084,258.6196,6.22,0
1776967463,raspberrypi,76.5,1.0,0.0,2221.688,40.08181,293.9074,1.21,1
1776967466,k3s-control,79.0,18.0,0.0,1028.875,1135.8453,283.8003,3.38,0
1776967466,k3s-worker-2,5.555556,3.535354,0.0,709.0391,40.98888,262.3952,0.3,0
1776967466,k3s-worker-3,6.1538461,2.564103,0.0,549.0898,46.12165,1265.9396,0.13,0
1776967466,k3s-worker-4,6.6326533,3.0612241,0.5102041,769.2227,44.3698,266.4319,5.96,0
1776967466,raspberrypi,76.1904802,0.5012531,0.0,2223.594,21.12367,301.4888,1.35,1
1776967469,k3s-control,48.9361677,12.7659564,12.0567374,1016.6953,1121.3627,202.3843,3.38,0
1776967469,k3s-worker-2,7.6923078,4.1025639,0.0,708.793,35.51605,269.1048,0.3,0
1776967469,k3s-worker-3,6.565657,2.525253,0.0,549.0898,45.00641,264.8513,0.12,0
1776967469,k3s-worker-4,6.5989853,2.5380711,0.0,775.4062,41.84774,260.5342,5.96,0
1776967469,raspberrypi,75.9398528,1.0025063,0.0,2224.484,23.95888,277.6121,1.48,1
1776967472,k3s-control,80.7692312,18.2692303,0.0,1021.1875,1084.3625,237.0011,3.19,0
1776967472,k3s-worker-2,8.5858589,2.020202,0.0,708.3281,33.51482,254.628,0.27,0
1776967472,k3s-worker-3,7.6142132,3.0456851,0.0,548.8711,36.6445,250.1602,0.12,0
1776967472,k3s-worker-4,5.555556,2.525253,0.0,769.0078,35.66245,256.0325,5.81,0
1776967472,raspberrypi,76.3092253,0.9975061,0.0,2227.312,24.76486,332.191,1.48,1
1776967475,k3s-control,64.9122826,8.7719304,0.0,1017.9805,1190.8823,200.548,3.19,0
1776967475,k3s-worker-2,7.1065991,3.553299,2.030457,708.6523,58.3997,1489.0881,0.27,0
1776967475,k3s-worker-3,9.0452259,4.5226129,0.0,548.3789,41.60402,266.3835,0.11,0
1776967475,k3s-worker-4,7.6142127,2.5380709,0.0,769.0078,38.93538,261.3436,5.81,0
1776967475,raspberrypi,76.3092302,0.7481297,0.0,2227.547,21.00065,290.1805,1.61,1
1776967478,k3s-control,32.5966882,10.4972374,8.8397785,1020.1211,1143.2196,245.5521,2.93,0
1776967478,k3s-worker-2,7.5757578,4.0404039,0.0,708.1719,35.92349,268.273,0.25,0
1776967478,k3s-worker-3,9.2307687,4.1025639,0.0,547.3945,36.37538,252.9671,0.11,0
1776967478,k3s-worker-4,7.6142128,3.0456849,0.0,768.7891,46.97895,266.2939,5.82,0
1776967478,raspberrypi,76.6917279,1.2531328,0.0,2227.469,21.93473,279.3244,1.61,1
1776967481,k3s-control,41.6,22.4,11.2,1005.2031,1139.6043,259.5536,2.93,0
1776967481,k3s-worker-2,7.5757579,3.030303,0.0,707.9258,34.41963,250.7064,0.25,0
1776967481,k3s-worker-3,5.5555561,2.525253,0.0,547.3945,41.11489,255.8929,0.1,0
1776967481,k3s-worker-4,7.1428572,2.5510201,0.0,768.543,78.12553,303.1325,6.16,0
1776967481,raspberrypi,76.5,0.75,0.0,2227.438,24.86105,282.5517,1.72,1
1776967484,k3s-control,73.3333322,20.0000006,0.0,1002.6406,1101.5332,210.7476,2.7,0
1776967484,k3s-worker-2,6.0913709,2.5380709,0.0,707.9258,40.89262,255.1535,0.23,0
1776967484,k3s-worker-3,7.070707,2.020202,0.0,547.3945,33.12559,252.569,0.1,0
1776967484,k3s-worker-4,6.5,3.5,0.0,768.0781,41.76874,252.658,6.16,0
1776967484,raspberrypi,77.5,1.0,0.0,2236.969,33.1662,210.7703,1.72,1
1776967487,k3s-control,80.19802,10.891089,0.0,1015.1328,1240.9876,417.1549,2.7,0
1776967487,k3s-worker-2,8.6294423,3.0456851,0.0,704.5078,83.00917,262.6422,0.29,0
1776967487,k3s-worker-3,8.6294423,6.5989852,0.0,546.9297,76.299,253.7045,0.09,0
1776967487,k3s-worker-4,10.1522837,6.5989848,0.0,768.0781,81.54917,264.4589,6.43,0
1776967487,raspberrypi,4.0302271,2.7707811,0.5037783,2238.188,123.75167,374.3015,1.9,1
1776967490,k3s-control,38.4615392,18.1818196,0.0,1005.0898,1151.6507,271.196,2.35,0
1776967490,k3s-worker-2,7.5757579,2.525253,0.0,704.5078,44.33741,266.6941,0.29,0
1776967490,k3s-worker-3,6.0913712,2.5380711,0.0,546.6836,39.34774,273.1655,0.09,0
1776967490,k3s-worker-4,8.1218273,3.5532991,0.0,765.3711,43.20072,268.2356,6.43,0
1776967490,raspberrypi,2.531646,1.0126582,0.0,2239.953,23.30026,313.1724,1.9,1
1776967493,k3s-control,76.2376215,21.7821804,0.0,1019.293,1192.2672,545.7378,2.35,0
1776967493,k3s-worker-2,8.629442,4.060914,0.0,704.5078,92.39548,260.4129,0.29,1
1776967493,k3s-worker-3,7.0707068,4.5454549,0.0,546.6836,67.64991,264.8023,0.08,0
1776967493,k3s-worker-4,8.0808078,2.5252529,0.0,765.3711,74.18102,267.3118,6.39,0
1776967493,raspberrypi,1.754386,2.005013,0.0,2241.297,18.53096,279.7936,1.75,0
1776967496,k3s-control,59.8214276,19.6428592,13.3928565,984.2383,1038.1714,201.5669,2.65,0
1776967496,k3s-worker-2,7.6530611,4.0816331,0.5102041,703.0312,36.16486,257.5278,0.35,1
1776967496,k3s-worker-3,6.0913712,2.5380711,0.0,546.6836,63.19025,251.1898,0.08,0
1776967496,k3s-worker-4,9.6938779,8.6734689,0.0,771.3242,65.29172,253.8376,6.39,0
1776967496,raspberrypi,3.0226699,2.0151129,0.0,2241.5,38.23267,271.5587,1.61,0
1776967499,k3s-control,73.6363659,24.545452,0.0,999.4258,1077.2486,264.4933,2.51,0
1776967499,k3s-worker-2,16.0220977,32.5966873,42.5414365,624.8398,13217.933,381.8728,0.4187789,1
1776967499,k3s-worker-3,5.0505051,3.030303,0.0,546.6836,48.25949,248.6271,0.08,0
1776967499,k3s-worker-4,10.6060605,3.0303029,0.0,770.3555,38.94431,254.1288,6.52,0
1776967499,raspberrypi,2.255639,1.2531328,0.0,2242.016,23.00107,287.7177,1.61,0
1776967502,k3s-control,32.4324293,10.2702698,0.0,1011.4414,1151.976,466.9355,2.51,0
1776967502,k3s-worker-2,16.5745867,35.9116016,43.0939219,629.3125,57.05637,305.8771,0.9,1
1776967502,k3s-worker-3,5.1020413,3.0612242,0.0,553.3984,35.95439,261.0233,0.07,0
1776967502,k3s-worker-4,6.5989847,3.0456849,0.0,775.0703,44.68504,250.217,6.48,0
1776967502,raspberrypi,2.015113,1.0075567,0.0,2244.766,24.70331,231.0927,1.56,0
1776967505,k3s-control,74.0,18.0,0.0,1011.7812,1056.707,215.0198,2.39,0
1776967505,k3s-worker-2,13.3333325,33.8888886,46.6666681,628.875,43.09258,269.8461,0.99,1
1776967505,k3s-worker-3,6.632653,4.591837,0.0,563.0586,35.21523,254.2329,0.06,0
1776967505,k3s-worker-4,8.6734691,2.040816,0.0,775.0703,44.04845,261.9445,6.48,0
1776967505,raspberrypi,2.255639,1.2531328,0.0,2246.734,49.4164,338.1578,1.56,0
1776967509,k3s-control,83.3333328,13.7254905,0.0,1015.9258,1160.3824,210.3516,2.39,0
1776967509,k3s-worker-2,10.6741576,29.7752818,53.9325832,628.3828,42.6003,279.6867,0.99,1
1776967509,k3s-worker-3,7.1428567,4.0816328,0.0,564.6094,39.21885,262.6194,0.06,0
1776967509,k3s-worker-4,7.6530607,3.5714289,0.0,774.8242,39.48205,255.7176,6.68,0
1776967509,raspberrypi,1.767677,0.7575758,0.0,2248.875,18.27446,286.5279,1.43,0
1776967512,k3s-control,45.6375824,11.4093966,1.342282,1004.3594,1034.2081,216.2396,2.28,0
1776967512,k3s-worker-2,11.8644069,32.7683598,48.0225998,628.3828,40.1298,266.5855,1.07,1
1776967512,k3s-worker-3,6.6326532,3.0612241,0.0,564.6094,48.03375,264.1874,0.06,0
1776967512,k3s-worker-4,9.1370559,2.538071,0.0,773.6211,42.66226,255.5664,7.19,0
1776967512,raspberrypi,1.7587941,1.2562815,0.0,2249.734,18.74523,231.6673,1.32,0
1776967516,k3s-control,62.4999993,17.8571398,0.0,1011.0234,1048.1752,184.6355,3.14,0
1776967516,k3s-worker-2,13.8888892,34.4444404,46.6666706,635.0977,40.19036,277.8357,1.22,1
1776967516,k3s-worker-3,6.0913712,3.0456851,0.0,564.1172,45.16131,264.5765,0.05,0
1776967516,k3s-worker-4,5.0505051,2.525253,0.0,773.375,56.00186,255.8457,7.19,0
1776967516,raspberrypi,2.0100501,1.0050251,0.0,2249.484,15.496465,211.508,1.32,0
1776967519,k3s-control,45.3900714,14.1843974,0.0,1002.3789,1169.4391,2322.447,3.14,0
1776967519,k3s-worker-2,16.2921339,33.1460677,46.0674168,634.5508,43.27955,274.1367,1.22,1
1776967519,k3s-worker-3,9.0909088,2.5252529,0.0,563.8984,53.50557,263.5264,0.05,0
1776967519,k3s-worker-4,5.5555559,3.0303029,3.0303029,773.2305,49.04326,269.3516,7.33,0
1776967519,raspberrypi,2.261307,1.0050251,0.0,2235.422,15.803923,325.1933,1.21,0
1776967522,k3s-control,87.0,11.0,0.0,1008.5977,1175.6046,198.1032,3.37,0
1776967522,k3s-worker-2,14.5348837,33.7209292,46.5116289,632.8438,37.67725,266.0096,1.37,1
1776967522,k3s-worker-3,5.5837559,2.030457,0.0,563.6523,35.30908,252.7353,0.05,0
1776967522,k3s-worker-4,6.0301509,3.015075,0.0,771.8086,44.20822,267.6688,7.33,0
1776967522,raspberrypi,2.015113,0.7556675,0.0,2241.438,17.55392,270.0538,1.1894427,0
1776967526,k3s-control,76.2376223,20.7920806,0.0,1016.5117,1142.1936,179.4022,3.1,0
1776967526,k3s-worker-2,13.4831452,35.9550579,45.5056174,628.7695,38.7512,264.8281,1.9,1
1776967526,k3s-worker-3,7.070707,3.030303,0.0,563.1875,47.05391,1267.359,0.05,0
1776967526,k3s-worker-4,5.5837562,2.0304571,0.0,771.8086,35.75903,253.6671,7.55,0
1776967526,raspberrypi,2.261307,1.0050251,0.0,2244.141,22.69647,264.7316,1.03,0
1776967529,k3s-control,35.8823527,13.529413,0.0,1009.6211,1173.2203,251.9841,3.1,0
1776967529,k3s-worker-2,13.736264,35.71429,44.50549,628.5352,50.16315,280.8983,1.9,1
1776967529,k3s-worker-3,5.6122453,2.5510201,0.0,562.6953,32.93444,247.764,0.04,0
1776967529,k3s-worker-4,7.1065992,4.0609141,0.0,771.6875,35.01615,250.3705,7.66,0
1776967529,raspberrypi,2.0100501,1.0050251,0.0,2246.031,16.473216,280.8785,0.94,0
1776967533,k3s-control,45.7746512,12.6760563,0.0,1013.25,1176.3838,236.4825,3.97,0
1776967533,k3s-worker-2,14.0449435,35.9550587,44.9438184,631.1094,54.61725,284.8083,1.91,1
1776967533,k3s-worker-3,6.0913709,2.5380709,0.0,562.4766,40.48082,260.8519,0.04,0
1776967533,k3s-worker-4,6.0606061,2.020202,0.0,772.1641,44.44239,254.6854,7.66,0
1776967533,raspberrypi,2.763819,0.5025126,0.0,2247.562,24.80872,261.088,0.94,0
1776967536,k3s-control,73.786405,19.4174787,0.9708737,1005.1289,1053.1861,226.528,3.97,0
1776967536,k3s-worker-2,16.6666666,35.5555593,42.2222191,631.1094,44.85878,886.9605,1.91,1
1776967536,k3s-worker-3,6.5989849,2.030457,0.0,562.2109,35.90161,253.7777,0.04,0
1776967536,k3s-worker-4,5.0251259,2.512563,0.0,771.4297,39.66348,250.8135,7.29,0
1776967536,raspberrypi,2.25,1.0,0.0,2248.578,14.914616,257.8715,0.87,0
1776967539,k3s-control,33.950618,16.0493821,0.0,998.6484,1132.7884,230.2951,3.65,0
1776967539,k3s-worker-2,11.2359545,33.1460685,50.5617977,630.6445,42.87757,277.9246,1.91,1
1776967539,k3s-worker-3,6.1224491,2.55102,0.0,559.0391,55.73606,273.0022,0.03,0
1776967539,k3s-worker-4,7.1065992,4.0609141,0.0,771.1836,57.1019,284.0468,7.29,0
1776967539,raspberrypi,1.758794,1.0050251,0.0,2248.047,18.20422,285.9963,0.8,0
1776967542,k3s-control,78.2178216,11.8811882,0.0,1007.8164,1127.3696,223.5399,4.72,0
1776967542,k3s-worker-2,13.3333331,36.6666703,43.3333304,630.3984,54.82793,279.9415,1.92,1
1776967542,k3s-worker-3,6.5989847,3.0456849,0.0,559.0391,44.60375,268.0945,0.03,0
1776967542,k3s-worker-4,6.1538461,2.564103,0.0,769.7461,44.98887,265.9013,7.11,0
1776967542,raspberrypi,2.75,1.25,0.25,2250.109,20.13522,258.8054,0.8,0
1776967546,k3s-control,52.4999983,21.6666693,10.8333326,984.3008,1022.7134,198.8515,4.72,0
1776967546,k3s-worker-2,15.1685392,35.9550604,43.8202205,629.9336,40.58445,266.5047,1.92,1
1776967546,k3s-worker-3,5.555556,4.040404,0.0,559.0391,44.90907,253.3296,0.03,0
1776967546,k3s-worker-4,6.1224493,2.0408161,0.0,769.7461,43.52224,258.1901,7.11,0
1776967546,raspberrypi,2.7638189,1.0050251,0.0,2249.031,20.86617,267.5038,0.73,0
1776967549,k3s-control,77.7777777,13.8888886,0.0,989.4336,1089.7127,201.8553,4.08,0
1776967549,k3s-worker-2,11.6666668,36.1111095,47.7777794,639.6172,43.95626,277.5914,1.93,1
1776967549,k3s-worker-3,7.1428571,1.5306122,0.0,558.8203,35.42496,252.9907,0.03,0
1776967549,k3s-worker-4,7.1065991,3.5532991,0.0,773.2383,43.50086,260.7848,6.54,0
1776967549,raspberrypi,2.525253,2.777778,0.0,2240.297,27.11628,270.8296,0.73,0
1776967553,k3s-control,78.6407776,12.6213586,0.0,973.3672,1055.3077,196.4685,4.08,0
1776967553,k3s-worker-2,21.1956504,56.521741,14.6739132,82.21875,32.18436,176.194,1.93,1
1776967553,k3s-worker-3,6.0913709,2.5380709,0.0,558.8203,45.18391,276.3743,0.03,0
1776967553,k3s-worker-4,9.0909088,2.5252529,0.0,773.0039,39.10748,261.1853,6.66,0
1776967553,raspberrypi,2.743142,0.9975062,0.4987531,2244.875,46.31355,303.3468,0.68,0
1776967556,k3s-control,51.8181795,27.2727297,1.818182,952.2852,954.9191,250.3832,4.31,0
1776967556,k3s-worker-2,8.1967214,17.2131108,72.9508235,861.3789,45.18975,187.9135,2.009,1
1776967556,k3s-worker-3,7.1428572,2.5510201,0.0,558.8203,45.40963,267.1453,0.03,0
1776967556,k3s-worker-4,5.5555561,2.020202,0.0,773.0039,40.96653,254.8212,6.66,0
1776967556,raspberrypi,1.7543861,1.5037595,0.0,2247.297,27.30506,342.3168,0.68,0
1776967558,k3s-control,30.4123707,10.3092782,0.0,974.7617,1172.7902,247.8661,4.31,0
1776967558,k3s-worker-2,49.019611,43.1372509,3.9215691,868.3398,52.60969,329.6296,2.009,1
1776967558,k3s-worker-3,7.1428572,2.5510201,0.0,558.8203,42.91084,257.0133,0.1,0
1776967558,k3s-worker-4,7.6142133,3.5532991,10.1522844,769.3125,49.16886,266.3274,6.29,0
1776967558,raspberrypi,3.25,1.25,0.25,2250.031,25.43434,288.5999,0.62,0
1776967561,k3s-control,71.875,20.3125,0.0,986.8555,1180.4284,710.552,4.29,0
1776967561,k3s-worker-2,37.14286,22.85714,10.0,898.7266,267.1793,1086.8349,2.22,1
1776967561,k3s-worker-3,8.5427142,7.5376882,0.0,557.8633,155.67019,258.8329,0.1,0
1776967561,k3s-worker-4,9.64467,8.629442,0.0,769.1523,104.80549,272.3488,6.29,0
1776967561,raspberrypi,1.5151515,0.7575758,0.0,2248.281,29.52131,286.5574,0.62,0
1776967564,k3s-control,51.234569,11.1111108,9.2592588,996.9102,1139.6247,236.3781,4.18,0
1776967564,k3s-worker-2,6.565657,3.030303,0.0,924.5547,36.04598,280.466,2.22,1
1776967564,k3s-worker-3,7.5376883,3.0150751,0.0,557.6211,41.05129,263.5742,0.1,0
1776967564,k3s-worker-4,8.0402013,3.5175881,1.0050251,769.1523,38.24408,253.1249,5.94,0
1776967564,raspberrypi,2.0050131,1.2531329,0.0,2251.594,21.08152,333.9491,0.57,0
1776967567,k3s-control,76.237623,13.8613866,2.9702971,990.5117,1168.9503,219.6375,4.18,0
1776967567,k3s-worker-2,8.1632649,2.040816,0.0,924.5547,98.35318,260.2261,2.04,1
1776967567,k3s-worker-3,7.6923078,4.1025639,0.0,563.125,60.06158,259.0778,0.1,1
1776967567,k3s-worker-4,6.565657,3.030303,0.0,769.1523,61.18761,258.1529,5.94,0
1776967567,raspberrypi,2.5,1.0,0.0,2253.281,41.10508,267.3912,0.57,0
1776967570,k3s-control,34.374999,11.4583327,0.0,998.9922,1168.9213,337.6581,4.16085,0
1776967570,k3s-worker-2,6.1538461,3.076923,0.0,924.3086,62.56751,287.8304,2.04,0
1776967570,k3s-worker-3,7.070707,2.525253,0.0,561.9688,40.81924,256.0018,0.09,1
1776967570,k3s-worker-4,5.0761421,2.5380711,0.0,769.1523,72.37096,261.8818,5.71,0
1776967570,raspberrypi,3.0226699,1.7632239,0.0,2246.922,53.41502,266.8953,0.53,0
1776967574,k3s-control,55.9055138,21.2598414,0.0,973.3828,1169.7166,305.9913,4.01,0
1776967574,k3s-worker-2,8.5427141,3.015075,0.0,928.0703,30.37387,245.8749,1.88,0
1776967574,k3s-worker-3,27.6381906,31.6582907,0.5025126,277.8242,23457.57,461.5816,0.09,1
1776967574,k3s-worker-4,6.060606,2.525253,0.0,770.4727,37.20097,254.2012,5.71,0
1776967574,raspberrypi,2.25,1.25,0.0,2247.625,19.96359,265.4404,0.5288579,0
1776967576,k3s-control,33.5164824,12.6373639,6.5934075,986.25,1174.133,478.512,3.69,0
1776967576,k3s-worker-2,8.1632652,4.0816331,0.0,926.4141,35.26643,261.8485,1.73,0
1776967576,k3s-worker-3,35.1758791,25.1256293,0.0,75.21094,49.64035,317.0575,0.16,1
1776967576,k3s-worker-4,5.5276378,2.5125629,0.0,770.4727,51.6352,261.6062,5.41,0
1776967576,raspberrypi,2.267003,0.5037783,0.0,2249.594,17.42421,262.8972,0.52,0
1776967580,k3s-control,59.1304334,16.52174,0.0,999.9258,1183.6785,1092.9365,3.69,0
1776967580,k3s-worker-2,8.5858588,2.5252529,0.0,918.5391,35.58139,256.3326,1.73,0
1776967580,k3s-worker-3,38.1909509,21.1055305,0.0,393.1641,58.38195,289.362,0.16,1
1776967580,k3s-worker-4,8.0808077,4.5454548,0.0,767.7539,78.77438,304.9497,5.41,0
1776967580,raspberrypi,2.01005,1.0050251,0.0,2248.672,22.36495,270.9784,0.48,0
1776967582,k3s-control,60.1010121,11.6161624,0.0,1004.6133,1117.6593,255.6049,3.47,0
1776967582,k3s-worker-2,6.565657,3.030303,0.0,918.5391,37.85707,246.5355,1.67,0
1776967582,k3s-worker-3,56.0606055,3.5353537,3.5353537,67.80859,42.02777,278.7877,0.23,1
1776967582,k3s-worker-4,5.5837559,2.538071,0.0,767.7539,44.40338,259.096,5.38,0
1776967582,raspberrypi,2.0100501,1.0050251,0.0,2251.328,19.12075,265.2614,0.48,0
1776967585,k3s-control,55.555555,14.5299137,0.0,969.0312,1204.2072,284.8052,3.47,0
1776967585,k3s-worker-2,7.6530614,3.0612242,0.0,922.2617,47.74013,263.5608,1.67,0
1776967585,k3s-worker-3,61.3065333,6.0301513,6.0301513,70.47266,80.04043,1701.557,0.23,1
1776967585,k3s-worker-4,6.0,3.5,0.5,767.5078,51.42705,263.3367,5.27,0
1776967585,raspberrypi,2.736318,1.2437811,0.0,2252.984,32.78329,278.0307,0.48,0
1776967588,k3s-control,60.9929041,17.7304983,0.0,986.3281,1156.434,243.8791,3.19,0
1776967588,k3s-worker-2,7.6142132,3.0456851,0.0,923.4375,44.91189,253.5801,1.7,0
1776967588,k3s-worker-3,32.8282787,27.2727289,4.0404038,585.0703,38.84247,277.9691,0.35,1
1776967588,k3s-worker-4,6.565657,2.525253,0.0,767.2891,38.56482,250.9211,5.27,0
1776967588,raspberrypi,2.01005,1.2562814,0.0,2255.0,17.3461,268.089,0.44,0
1776967591,k3s-control,52.6666681,13.9999995,2.6666669,974.5586,1165.646,223.7808,3.19,0
1776967591,k3s-worker-2,6.565657,2.525253,0.0,923.1914,45.48088,268.5704,1.7,0
1776967591,k3s-worker-3,26.7676799,33.8383798,0.0,859.6406,44.32357,276.4438,0.35,1
1776967591,k3s-worker-4,8.0402012,6.0301512,0.0,768.6836,40.99067,254.5987,5.25,0
1776967591,raspberrypi,2.0202019,0.5050505,0.0,2254.922,20.76001,263.9753,0.41,0
1776967594,k3s-control,69.6078433,23.5294111,0.0,958.9609,1173.4239,224.6926,2.7,0
1776967594,k3s-worker-2,6.598985,2.538071,0.0,925.2305,71.46729,319.9236,1.56,0
1776967594,k3s-worker-3,53.8071089,5.0761419,0.0,65.63281,46.15341,273.2201,0.4,1
1776967594,k3s-worker-4,8.6294417,2.5380709,0.0,768.2305,38.95514,250.9856,5.25,0
1776967594,raspberrypi,2.75,0.75,0.0,2256.156,24.66478,267.8942,0.41,0
1776967596,k3s-control,49.0,13.5,0.0,998.0781,1180.2086,464.9583,2.7,0
1776967596,k3s-worker-2,7.1428569,3.061224,0.0,924.2461,83.08071,679.715,1.56,0
1776967596,k3s-worker-3,33.5025423,29.4416221,7.6142135,865.4141,39.72721,285.8658,0.4,1
1776967596,k3s-worker-4,9.1370564,3.0456851,0.0,767.7656,48.0348,254.5907,4.98,0
1776967596,raspberrypi,3.0075191,0.7518797,0.0,2255.547,41.40192,281.0183,0.37,0
1776967599,k3s-control,50.3936994,14.1732278,0.0,974.3477,1200.8902,232.5668,2.56,0
1776967599,k3s-worker-2,7.1065991,3.553299,2.538071,924.2461,50.51637,273.158,1.43,0
1776967599,k3s-worker-3,56.8527911,2.5380711,2.030457,77.34375,42.74101,277.8395,0.45,1
1776967599,k3s-worker-4,5.5837563,3.0456851,0.0,767.7656,45.74928,269.4953,4.98,0
1776967599,raspberrypi,2.2613071,0.7537688,0.0,2252.766,20.43822,273.7595,0.37,0
1776967602,k3s-control,33.7278103,13.0177511,2.366864,986.2422,1148.873,484.5983,2.56,0
1776967602,k3s-worker-2,7.0707069,4.040404,0.0,924.0273,203.4132,269.9503,1.4,0
1776967602,k3s-worker-3,56.5656575,3.5353538,0.5050505,89.19922,70.45367,269.075,0.45,1
1776967602,k3s-worker-4,8.1218272,2.5380711,0.0,767.5469,73.67233,264.2534,4.75,0
1776967602,raspberrypi,2.7363179,1.9900499,0.2487562,2249.812,15.032902,264.5559,0.34,0
1776967606,k3s-control,36.3636369,10.2272721,0.5681818,968.1094,1095.1071,195.5502,2.36,0
1776967606,k3s-worker-2,7.070707,3.030303,0.0,924.0273,38.41928,250.427,1.4,0
1776967606,k3s-worker-3,34.3434331,24.2424222,0.5050505,72.62891,39.99109,276.5208,0.49,1
1776967606,k3s-worker-4,5.555556,3.030303,1.5151515,767.5469,40.60597,258.2495,4.84,0
1776967606,raspberrypi,2.75,1.0,0.0,2253.781,25.95671,265.7696,0.34,0
1776967610,k3s-control,42.1768716,17.0068006,0.0,967.9219,1148.4556,209.5304,2.338487,0
1776967610,k3s-worker-2,9.6446699,2.538071,0.0,925.668,37.04077,258.3847,1.29,0
1776967610,k3s-worker-3,36.3636395,24.2424196,1.5151515,250.3672,44.2588,290.3797,0.53,1
1776967610,k3s-worker-4,5.5837562,2.5380711,0.0,763.8555,37.59327,246.8781,4.84,0
1776967610,raspberrypi,1.5189872,1.5189872,0.0,2250.422,22.60733,268.0446,0.32,0
1776967613,k3s-control,31.7241398,17.2413799,0.6896552,983.625,1142.2403,232.0376,2.17,0
1776967613,k3s-worker-2,6.1224488,3.0612239,0.0,925.668,36.21019,245.0445,1.29,0
1776967613,k3s-worker-3,51.0100985,9.0909087,4.0404039,1009.4531,39.32123,287.3888,0.53,1
1776967613,k3s-worker-4,5.5837562,2.5380711,0.0,763.8555,44.15997,260.2318,4.84,0
1776967613,raspberrypi,2.2613071,0.7537688,0.0,2252.719,17.38058,265.9096,0.32,0
1776967615,k3s-control,31.318682,12.0879128,0.0,972.0625,1131.6967,279.8187,2.17,0
1776967615,k3s-worker-2,7.106599,2.538071,0.0,925.668,47.26172,263.9406,1.18,0
1776967615,k3s-worker-3,56.632654,4.0816333,17.8571412,102.51953,43.77067,304.2103,0.57,1
1776967615,k3s-worker-4,7.106599,2.538071,0.0,763.8555,40.6161,258.2464,4.69,0
1776967615,raspberrypi,2.267003,0.5037783,0.0,2254.703,28.99998,280.9132,0.27,0
1776967618,k3s-control,80.0,19.0,0.0,990.8906,1129.0386,191.507,2.32,0
1776967618,k3s-worker-2,7.070707,2.525253,0.0,922.2227,34.54332,255.2005,1.18,0
1776967618,k3s-worker-3,55.2763811,3.0150751,4.5226131,97.35156,34.85823,277.2203,0.57,1
1776967618,k3s-worker-4,8.0,3.5,5.0,763.6367,43.2498,269.2224,4.69,0
1776967618,raspberrypi,3.0,1.25,0.0,2255.062,21.23121,263.7683,0.27,0
1776967621,k3s-control,30.2083321,9.8958337,0.0,984.6523,1139.1897,269.1648,2.13,0
1776967621,k3s-worker-2,7.6530611,3.061224,0.5102041,922.0039,53.59044,267.7755,1.22,0
1776967621,k3s-worker-3,55.8375606,2.538071,4.568528,96.36719,48.06084,281.9985,0.61,1
1776967621,k3s-worker-4,9.0909087,4.0404039,0.0,767.7461,49.54055,264.9509,4.48,0
1776967621,raspberrypi,2.5062659,1.0025063,0.0,2251.25,23.41108,277.1116,0.25,0
1776967624,k3s-control,65.789472,15.7894745,0.877193,979.5859,1116.3554,242.4258,2.13,0
1776967624,k3s-worker-2,6.1224488,2.5510199,0.0,922.0039,40.19549,258.1099,1.22,0
1776967624,k3s-worker-3,55.2763797,3.517588,2.01005,93.16797,45.26084,285.5748,0.61,1
1776967624,k3s-worker-4,6.565657,2.525253,0.0,767.2578,35.37732,251.9511,4.48,0
1776967624,raspberrypi,2.2556391,1.0025063,0.0,2251.75,24.19808,272.3553,0.23,0
1776967627,k3s-control,40.1315807,11.8421052,2.631579,978.0586,1126.9092,222.4723,1.96,0
1776967627,k3s-worker-2,7.179487,3.076923,0.0,922.0039,34.29377,244.8916,1.12,0
1776967627,k3s-worker-3,50.2538088,10.1522838,0.5076142,1216.6016,41.79879,275.0022,0.64,1
1776967627,k3s-worker-4,9.5477393,3.0150751,0.0,767.0117,37.39621,245.1705,4.44,0
1776967627,raspberrypi,2.518892,1.0075567,0.0,2253.562,20.23424,266.2601,0.23,0
1776967630,k3s-control,84.1584166,12.8712865,0.0,981.0117,1100.3741,201.6662,1.96,0
1776967630,k3s-worker-2,7.1065991,3.0456851,0.0,922.0039,43.2845,264.3298,1.03,0
1776967630,k3s-worker-3,55.8375627,2.5380711,0.5076142,197.2969,40.60017,285.049,0.64,1
1776967630,k3s-worker-4,6.5656568,4.5454549,0.0,766.5586,51.03146,265.607,4.24,0
1776967630,raspberrypi,2.2727271,0.5050505,0.0,2254.922,21.4111,270.9596,0.21,0
1776967633,k3s-control,50.3875981,17.8294593,0.0,980.9883,984.1807,184.464,1.66,0
1776967633,k3s-worker-2,8.1218268,3.0456849,0.0,921.7852,31.02436,244.5256,1.03,0
1776967633,k3s-worker-3,78.4313716,17.6470604,0.0,196.875,33.89269,196.5539,0.69,1
1776967633,k3s-worker-4,8.5858593,3.0303031,3.5353541,766.3125,40.06594,258.9558,4.24,0
1776967633,raspberrypi,1.758794,1.0050251,0.0,2256.312,21.05404,267.0972,0.21,0
1776967636,k3s-control,31.770831,10.4166673,0.5208333,971.3555,1171.121,259.7553,1.66,0
1776967636,k3s-worker-2,6.565657,2.525253,0.0,921.7852,37.01882,261.4328,0.95,0
1776967636,k3s-worker-3,66.666668,14.5833326,4.1666669,192.1992,52.13501,342.6055,1.04,1
1776967636,k3s-worker-4,6.6326532,3.0612241,0.0,770.4492,51.15154,255.1303,4.059,0
1776967636,raspberrypi,2.2613071,0.7537688,0.0,2255.641,15.137232,259.7315,0.19,0
1776967639,k3s-control,54.6218483,15.9663865,0.0,963.8711,1166.7841,2302.508,1.77,0
1776967639,k3s-worker-2,7.6142132,3.0456851,0.0,924.4414,45.28012,261.7901,0.95,0
1776967639,k3s-worker-3,56.5789469,10.5263154,31.5789483,186.3203,67.94714,281.6913,1.04,1
1776967639,k3s-worker-4,6.0913712,3.0456851,0.0,764.543,57.682,274.4363,4.059,0
1776967639,raspberrypi,2.0100501,1.0050251,0.0,2246.219,26.35395,273.5839,0.19,0
1776967642,k3s-control,85.1485143,11.8811886,0.0,971.1445,1165.3201,264.7388,1.77,0
1776967642,k3s-worker-2,6.5656569,3.5353539,0.0,923.9883,41.74663,251.8969,0.87,0
1776967642,k3s-worker-3,46.80851,53.19149,0.0,1165.7305,35.72917,102.20504,1.36,1
1776967642,k3s-worker-4,6.0606061,2.525253,0.0,764.543,53.70634,1156.5581,4.14,0
1776967642,raspberrypi,2.25,1.0,0.0,2251.562,42.18181,273.962,0.17,0
1776967645,k3s-control,30.1587292,11.6402117,7.9365078,981.8633,1248.9617,266.9529,1.79,0
1776967645,k3s-worker-2,6.5989853,2.5380711,0.0,922.7578,35.50496,262.9831,0.87,0
1776967645,k3s-worker-3,33.8235306,33.8235306,30.8823506,678.9531,52.30262,299.653,1.36,1
1776967645,k3s-worker-4,7.575758,2.020202,0.0,764.543,34.77619,256.5669,4.14,0
1776967645,raspberrypi,2.2556391,1.0025063,0.0,2253.781,19.87793,263.3844,0.16,0
1776967648,k3s-control,37.4100725,17.9856112,1.438849,968.8867,1092.3647,227.3774,1.79,0
1776967648,k3s-worker-2,6.5989849,2.030457,0.0,922.5117,54.52435,261.6737,0.97,0
1776967648,k3s-worker-3,43.7499987,41.6666687,0.0,196.6367,61.12966,1551.3804,1.49,1
1776967648,k3s-worker-4,6.0301512,2.5125631,0.0,764.3242,41.79942,260.2062,4.37,0
1776967648,raspberrypi,1.7721521,0.5063291,0.0,2255.469,31.46074,287.0376,0.16,0
1776967651,k3s-control,58.9147286,12.4031007,0.0,994.9844,1101.048,201.7841,1.64,0
1776967651,k3s-worker-2,6.7010309,2.57732,0.0,922.293,52.04985,253.2238,0.97,0
1776967651,k3s-worker-3,53.4246563,10.9589032,0.0,149.63281,43.40348,225.3542,1.49,1
1776967651,k3s-worker-4,6.0301512,2.5125631,0.0,761.8633,42.03145,256.4805,3.92,0
1776967651,raspberrypi,2.5,0.75,0.0,2254.469,21.36208,265.9726,0.15,0
1776967654,k3s-control,88.1188118,8.9108912,0.0,979.2891,1237.9646,223.804,1.64,0
1776967654,k3s-worker-2,9.7435904,4.6153852,1.025641,922.293,53.75939,1312.6859,0.89,0
1776967654,k3s-worker-3,60.2941163,10.2941174,27.9411783,149.63281,54.99025,365.2579,1.45,1
1776967654,k3s-worker-4,6.0301508,2.5125629,0.0,761.8633,35.95932,254.4148,3.92,0
1776967654,raspberrypi,2.2556391,1.0025063,0.0,2255.906,29.23926,272.6783,0.15,0
1776967658,k3s-control,82.1782184,14.8514847,0.0,967.0156,1103.0957,226.9243,1.51,0
1776967658,k3s-worker-2,7.1428572,2.5510201,0.0,921.8008,36.52991,250.8082,0.89,0
1776967658,k3s-worker-3,39.3258404,7.8651691,23.5955102,149.63281,47.60686,297.1487,1.45,1
1776967658,k3s-worker-4,6.091371,2.538071,1.0152284,761.6445,37.59557,248.376,3.6,0
1776967658,raspberrypi,2.015113,0.7556675,0.0,2256.953,31.13007,273.3254,0.14,0
1776967660,k3s-control,53.7974672,13.9240503,0.0,965.4609,1112.4885,214.1012,1.51,0
1776967660,k3s-worker-2,6.5989853,2.5380711,0.0,921.5664,37.85784,253.4365,0.82,0
1776967660,k3s-worker-3,55.0724636,10.1449287,0.0,157.48828,57.91631,351.4172,1.57,1
1776967660,k3s-worker-4,5.5555561,2.525253,0.0,761.3984,43.08484,270.2713,3.6,0
1776967660,raspberrypi,2.5062661,0.7518797,0.0,2257.75,16.247886,250.277,0.14,0
1776967663,k3s-control,50.406503,13.0081308,0.0,980.6719,1183.8564,281.2698,1.95,0
1776967663,k3s-worker-2,8.5427141,3.015075,0.0,921.5664,49.02296,254.9851,0.82,0
1776967663,k3s-worker-3,30.68182,12.5,56.81818,502.0273,61.92618,248.9416,1.57,1
1776967663,k3s-worker-4,8.5858588,2.5252529,0.0,761.3984,50.81896,265.1936,3.63,0
1776967663,raspberrypi,2.5188921,1.0075567,0.2518892,2257.641,28.0091,289.3858,0.12,0
1776967665,k3s-control,43.1472099,10.152284,3.045685,990.0586,1233.3025,271.644,1.95,0
1776967665,k3s-worker-2,8.0402011,3.517588,0.0,921.3203,43.54349,257.7809,1.23,0
1776967665,k3s-worker-3,13.7681159,8.695652,68.8405797,1193.3828,65.43389,350.7928,1.61,1
1776967665,k3s-worker-4,6.0913712,3.0456851,0.0,768.8086,43.60237,255.7535,3.63,0
1776967665,raspberrypi,2.7638189,1.0050251,0.0,2257.844,45.57359,267.4985,0.12,0
1776967668,k3s-control,62.8205117,10.8974363,9.6153853,985.0898,1204.4911,340.6956,2.27,0
1776967668,k3s-worker-2,8.1632647,2.5510199,6.1224488,918.6406,44.52673,264.6478,1.69,0
1776967668,k3s-worker-3,12.7118635,16.9491493,33.0508487,1168.1406,192.3695,330.6652,1.61,1
1776967668,k3s-worker-4,12.0603016,8.0402007,1.5075377,773.2578,59.042,262.9186,3.34,0
1776967668,raspberrypi,2.005013,1.5037594,0.0,2245.547,26.28891,262.6521,0.11,0
1776967672,k3s-control,72.2772257,23.7623786,0.0,965.8281,1158.5848,155.85163,2.09,0
1776967672,k3s-worker-2,7.6142132,4.0609141,0.0,918.6406,26.87205,259.185,1.69,0
1776967672,k3s-worker-3,5.5555559,3.030303,2.020202,1152.9922,33.19873,311.4781,1.64,1
1776967672,k3s-worker-4,6.565657,2.525253,0.0,770.8672,37.58495,251.4392,3.23,0
1776967672,raspberrypi,2.525253,1.767677,0.0,2246.75,64.70346,283.5082,0.1,0
1776967676,k3s-control,60.1769901,23.00885,0.0,977.7344,1169.3267,334.3329,1.92,0
1776967676,k3s-worker-2,7.6142127,2.5380709,0.0,917.6836,60.96984,249.8183,2.05,0
1776967676,k3s-worker-3,6.6326529,3.061224,0.0,1151.3672,77.74748,274.5194,1.51,0
1776967676,k3s-worker-4,6.0301512,2.5125631,0.0,769.8828,89.12366,250.773,3.23,1
1776967676,raspberrypi,3.266332,0.7537688,0.0,2247.516,109.69205,276.5136,0.1,0
1776967679,k3s-control,37.4045815,23.6641209,0.0,963.1133,1207.7424,306.8731,1.92,0
1776967679,k3s-worker-2,5.6122449,2.040816,0.0,923.418,36.93163,260.8553,2.05,0
1776967679,k3s-worker-3,6.060606,3.030303,34.8484802,1148.8203,51.69749,267.7243,1.51,0
1776967679,k3s-worker-4,30.9644682,15.7360401,10.6598974,721.5977,11696.859,422.8748,3.22,1
1776967679,raspberrypi,3.0226702,1.5113351,0.0,2245.672,37.8649,284.3873,0.09,0
1776967682,k3s-control,48.3871005,14.5161291,0.0,974.1094,1282.8954,323.8621,1.77,0
1776967682,k3s-worker-2,5.0251262,3.0150751,0.5025126,922.5078,44.63367,277.0286,2.37,0
1776967682,k3s-worker-3,7.6923078,4.6153849,20.5128194,1146.6406,54.32111,283.6447,1.35,0
1776967682,k3s-worker-4,69.0,30.0,0.0,264.4023,10389.859,359.7548,3.22,1
1776967682,raspberrypi,2.4937659,1.4962593,0.0,2247.406,21.43561,273.0888,0.09,0
1776967684,k3s-control,29.2307701,7.179487,1.025641,973.2852,1269.7308,259.8433,1.77,0
1776967684,k3s-worker-2,6.565657,3.030303,0.0,927.9219,35.89167,260.6757,2.37,0
1776967684,k3s-worker-3,5.0761421,2.5380711,0.0,1146.1602,40.34096,258.1651,1.35,0
1776967684,k3s-worker-4,83.8383834,16.1616166,0.0,149.75,46.45685,278.5466,3.92,1
1776967684,raspberrypi,2.2556391,1.0025063,0.0,2250.891,23.12469,275.6936,0.08,0
1776967687,k3s-control,83.0,12.0,0.0,986.9336,1034.4665,601.8858,1.77,0
1776967687,k3s-worker-2,6.5656569,3.5353539,0.0,927.457,36.6514,258.3909,2.66,0
1776967687,k3s-worker-3,25.7575799,21.7171699,0.0,1140.9922,47.36549,270.4748,1.32,0
1776967687,k3s-worker-4,96.0199002,2.985075,0.0,144.94141,65.29231,307.1348,3.92,1
1776967687,raspberrypi,1.763224,1.0075567,0.0,2253.484,29.87186,275.2334,0.08,0
1776967690,k3s-control,49.9999994,9.3023259,0.0,981.3359,1026.1591,188.7091,2.45,0
1776967690,k3s-worker-2,5.5837558,1.5228426,0.0,927.457,28.68186,247.746,2.66,0
1776967690,k3s-worker-3,5.1020409,2.55102,0.0,1133.8555,38.28438,256.3183,1.32,0
1776967690,k3s-worker-4,76.38191,23.61809,0.0,131.67969,48.49094,276.9914,3.93,1
1776967690,raspberrypi,2.01005,1.2562814,0.0,2255.172,34.56908,274.238,0.07,0
1776967694,k3s-control,53.4482779,17.2413793,3.4482759,1002.3359,1206.2295,229.402,2.45,0
1776967694,k3s-worker-2,10.6598985,7.6142134,0.0,930.7305,44.06368,261.5671,2.76,0
1776967694,k3s-worker-3,6.0606061,2.525253,0.0,1133.6367,37.45947,248.0509,1.21,0
1776967694,k3s-worker-4,78.39196,21.60804,0.0,367.9297,61.96104,294.8947,3.93,1
1776967694,raspberrypi,3.5087721,1.0025063,0.0,2256.109,25.57537,265.7336,0.07,0
1776967696,k3s-control,52.7918778,12.1827405,7.1065987,1006.2812,1123.5925,254.1683,2.25,0
1776967696,k3s-worker-2,8.1218272,2.5380711,0.0,929.7734,39.82139,265.6083,2.76,0
1776967696,k3s-worker-3,5.5555561,2.020202,0.0,1133.6367,49.72565,260.4973,1.21,0
1776967696,k3s-worker-4,96.0,3.5,0.0,134.07812,61.13417,293.9364,4.25,1
1776967696,raspberrypi,2.770781,0.7556675,0.0,2255.75,24.26428,270.1245,0.07,0
1776967699,k3s-control,80.3921574,16.6666665,0.0,989.0742,1146.6295,1872.401,2.07,0
1776967699,k3s-worker-2,6.0913712,3.0456851,0.0,924.1172,37.17376,249.1597,3.02,0
1776967699,k3s-worker-3,5.6122453,2.5510201,0.0,1133.418,38.22449,267.3903,1.12,0
1776967699,k3s-worker-4,74.5,25.0,0.0,135.48828,60.75409,302.7013,4.25,1
1776967699,raspberrypi,2.015113,1.0075567,0.0,2240.75,23.7616,277.5202,0.06,0
1776967702,k3s-control,71.9298229,10.5263164,13.1578955,990.0547,1047.3958,221.5195,2.07,0
1776967702,k3s-worker-2,6.598985,3.045685,0.0,923.8984,39.6626,259.0188,3.02,0
1776967702,k3s-worker-3,5.0761419,3.045685,0.0,1140.1758,33.38279,243.5898,1.12,0
1776967702,k3s-worker-4,85.0,14.5,0.0,393.1914,55.44007,1215.8677,5.35,1
1776967702,raspberrypi,2.756892,1.5037594,0.0,2245.781,22.06746,267.6831,0.06,0
1776967705,k3s-control,41.9889506,11.6022102,0.0,1003.0078,1187.4275,259.4942,2.050637,0
1776967705,k3s-worker-2,6.6326531,2.040816,0.0,923.8984,41.94405,257.7527,3.26,0
1776967705,k3s-worker-3,9.6938777,3.0612239,4.5918369,1138.7422,65.34585,1621.5217,1.03,0
1776967705,k3s-worker-4,79.0,19.0,0.0,288.3555,57.78342,287.3953,5.35,1
1776967705,raspberrypi,2.493766,1.2468828,0.0,2249.609,29.36639,268.8615,0.06,0
1776967709,k3s-control,82.0,17.0,0.0,996.0898,1098.3372,201.0746,1.9,0
1776967709,k3s-worker-2,6.0913709,2.5380709,0.0,923.6523,47.51075,262.7882,3.64,0
1776967709,k3s-worker-3,5.5555561,2.020202,0.0,1134.0664,38.4998,260.9233,1.03,0
1776967709,k3s-worker-4,70.8955209,28.3582104,0.0,555.3672,27.50519,174.0605,6.31,1
1776967709,raspberrypi,3.0303029,0.7575758,0.0,2252.703,20.71876,268.8242,0.06,0
1776967711,k3s-control,50.625,13.125,0.0,1001.3555,1109.6199,210.5738,1.75,0
1776967711,k3s-worker-2,7.692308,2.051282,0.0,923.4062,50.18339,250.5926,3.64,0
1776967711,k3s-worker-3,5.0505051,2.525253,0.0,1130.375,41.38248,258.1674,0.94,0
1776967711,k3s-worker-4,76.92308,23.07692,0.0,413.6172,34.07795,274.4638,6.84,1
1776967711,raspberrypi,2.2556391,1.0025063,0.0,2254.297,32.90811,270.436,0.05,0
1776967715,k3s-control,41.2587396,15.3846148,0.0,1007.0586,1107.0464,212.85,1.75,0
1776967715,k3s-worker-2,10.1522838,4.0609139,0.0,923.1875,56.696,1655.6233,3.675027,0
1776967715,k3s-worker-3,5.555556,2.525253,0.0,1130.375,35.83918,254.5674,0.94,0
1776967715,k3s-worker-4,69.2307721,28.8461509,0.0,239.875,39.81049,289.5927,6.84,1
1776967715,raspberrypi,2.255639,0.5012531,0.0,2255.234,23.43792,265.224,0.05,0
1776967717,k3s-control,33.6734702,10.7142861,5.102041,982.7734,1122.0278,266.9396,1.61,0
1776967717,k3s-worker-2,7.6142128,3.5532989,0.0,923.1875,45.6022,251.7925,3.92,0
1776967717,k3s-worker-3,6.1224491,3.5714291,0.0,1126.7109,44.27898,258.8961,1.11,0
1776967717,k3s-worker-4,89.7959191,6.1224489,0.0,132.57812,61.07406,294.6805,6.84,1
1776967717,raspberrypi,1.2531328,1.0025063,0.0,2255.328,18.86055,272.3568,0.05,0
1776967719,k3s-control,52.3809499,14.285714,3.174603,966.5156,1217.2325,289.532,1.61,0
1776967719,k3s-worker-2,9.1370559,3.045685,0.0,923.1875,50.01317,265.8986,3.92,0
1776967719,k3s-worker-3,6.5656572,4.0404041,4.5454552,1126.25,52.64497,294.3115,1.11,0
1776967719,k3s-worker-4,93.4782609,4.347826,0.0,132.57812,47.34638,267.6611,6.46,1
1776967719,raspberrypi,2.25,1.0,0.0,2256.469,28.37579,274.1007,0.05,0
1776967723,k3s-control,77.4509829,19.6078407,0.9803922,965.8359,1059.2851,199.2033,1.48,0
1776967723,k3s-worker-2,8.6294424,3.5532992,0.0,923.1875,33.93676,251.4074,4.81,0
1776967723,k3s-worker-3,6.5656566,2.5252528,4.5454547,1131.8516,30.86982,251.0993,1.66,0
1776967723,k3s-worker-4,78.0,20.0,0.0,597.2031,32.49679,259.2159,6.46,1
1776967723,raspberrypi,2.512563,0.7537688,0.0,2252.891,13.915434,263.4651,0.04,0
1776967726,k3s-control,71.0,18.0,0.0,1000.7812,1096.2415,204.804,1.36,0
1776967726,k3s-worker-2,8.5858588,2.5252529,0.0,923.1875,34.09694,251.7906,4.67,0
1776967726,k3s-worker-3,8.121827,2.538071,8.629442,1130.8672,35.40882,255.8145,2.09,0
1776967726,k3s-worker-4,66.0,34.0,0.0,235.1719,55.1055,293.5495,6.26,1
1776967726,raspberrypi,2.512563,1.0050251,0.0,2250.578,18.53413,265.3483,0.04,0
1776967729,k3s-control,50.8333336,13.3333339,10.0000007,980.8555,1135.7478,254.3929,1.36,0
1776967729,k3s-worker-2,6.1855672,2.5773201,0.0,924.582,41.12335,262.1504,4.67,0
1776967729,k3s-worker-3,7.0707069,2.5252529,2.020202,1130.4023,46.8648,261.2638,2.09,0
1776967729,k3s-worker-4,22.3529397,24.7058797,1.1764706,578.9297,39.96,268.7559,6.26,1
1776967729,raspberrypi,2.7638191,0.7537688,0.0,2247.188,29.61328,281.8798,0.04,0
1776967731,k3s-control,43.1472101,11.167513,0.0,1006.1133,1121.142,498.0417,1.36,0
1776967731,k3s-worker-2,8.0808084,6.5656573,0.0,924.3633,72.89808,253.6791,5.09,0
1776967731,k3s-worker-3,7.1428571,5.1020411,0.0,1129.1719,53.48545,262.1285,2.4,0
1776967731,k3s-worker-4,19.67213,11.47541,0.0,660.0898,172.357,404.1538,5.76,1
1776967731,raspberrypi,2.005013,1.0025063,0.0,2246.984,55.29521,276.5057,0.04,0
1776967735,k3s-control,44.8275863,13.1034469,0.0,987.5742,1195.2197,228.0774,1.33,0
1776967735,k3s-worker-2,9.0909088,3.0303029,0.0,924.3633,46.78929,259.0056,5.09,0
1776967735,k3s-worker-3,5.5837558,2.0304569,0.0,1129.1719,18.62993,255.6412,2.85,0
1776967735,k3s-worker-4,8.1218271,5.0761421,0.0,679.7148,36.54658,267.6526,5.76,1
1776967735,raspberrypi,3.75,2.0,0.0,2245.891,58.35244,268.9837,0.04,0
1776967738,k3s-control,70.79646,9.734513,13.274336,988.7773,1151.3739,319.1917,1.6,0
1776967738,k3s-worker-2,9.5959603,6.5656572,0.0,921.1914,58.20103,258.4196,5.17,0
1776967738,k3s-worker-3,5.1020409,2.55102,0.0,1128.9258,38.82258,267.2361,2.85,0
1776967738,k3s-worker-4,7.1065989,3.045685,1.5228426,693.8711,64.45471,292.8388,5.3,0
1776967738,raspberrypi,3.007519,1.2531328,0.0,2248.672,25.20302,272.6208,0.11,0
1776967741,k3s-control,91.0891091,7.9207919,0.0,996.5195,972.9358,160.01529,1.6,0
1776967741,k3s-worker-2,9.137056,3.045685,3.045685,921.1914,39.75358,259.3651,5.17,0
1776967741,k3s-worker-3,4.6153851,2.0512821,0.0,1128.707,23.85694,249.4552,2.8,0
1776967741,k3s-worker-4,7.1065991,3.5532991,0.0,693.625,33.23248,251.422,5.3,0
1776967741,raspberrypi,2.005013,1.754386,0.0,2247.312,20.58904,277.911,0.11,0
1776967744,k3s-control,63.2,12.8,0.0,1005.1016,1087.9602,176.8519,1.47,0
1776967744,k3s-worker-2,7.0351757,3.5175879,0.0,921.1914,38.07467,257.9685,5.31,0
1776967744,k3s-worker-3,5.6122453,2.0408161,0.0,1131.2773,26.38782,265.8157,2.8,0
1776967744,k3s-worker-4,5.0505051,2.0202021,0.0,693.625,35.68115,264.8569,4.48,0
1776967744,raspberrypi,2.015113,0.7556675,0.0,2248.562,11.581376,274.7018,0.18,0
1776967746,k3s-control,47.0588233,10.5882358,3.5294123,995.0703,1171.1644,199.6258,1.47,0
1776967746,k3s-worker-2,7.070707,3.030303,0.5050505,921.1914,42.95859,267.4617,5.31,0
1776967746,k3s-worker-3,4.5918371,2.5510201,0.0,1124.3906,26.01492,257.7725,2.8,0
1776967746,k3s-worker-4,6.5989849,2.538071,6.5989849,693.625,33.66452,249.6205,4.48,0
1776967746,raspberrypi,2.7638191,0.7537688,0.0,2253.375,20.44413,266.6874,0.18,0
1776967749,k3s-control,38.0952376,11.3095233,0.5952381,995.6211,1061.2968,182.0413,1.35,0
1776967749,k3s-worker-2,7.179487,3.076923,0.0,920.9727,39.96484,256.637,5.37,0
1776967749,k3s-worker-3,6.6326529,3.5714289,0.0,1119.9609,27.73879,266.6673,2.82,0
1776967749,k3s-worker-4,6.598985,3.045685,0.0,693.625,31.85626,252.6622,4.2,0
1776967749,raspberrypi,2.512563,0.7537688,0.0,2253.719,25.39448,275.1249,0.23,0
1776967752,k3s-control,46.9387775,9.1836725,0.0,993.8984,1214.6661,300.9899,1.35,0
1776967752,k3s-worker-2,7.5757578,2.5252529,1.5151515,920.9727,43.60254,253.2619,5.37,0
1776967752,k3s-worker-3,5.0505051,3.030303,1.010101,1119.9609,30.76004,255.9848,2.82,0
1776967752,k3s-worker-4,7.0351762,3.5175881,0.0,701.332,49.14581,262.8628,3.87,0
1776967752,raspberrypi,1.7587941,1.2562815,0.0,2254.047,17.33979,265.9497,0.23,0
1776967755,k3s-control,73.68421,10.526316,12.280702,976.6602,1131.8203,172.2581,1.3465785,0
1776967755,k3s-worker-2,7.1065993,2.0304571,0.0,920.9727,42.12036,257.3609,5.74,0
1776967755,k3s-worker-3,5.0761422,3.5532992,0.0,1119.9609,33.49258,257.5499,3.07,0
1776967755,k3s-worker-4,6.532663,3.015075,0.0,701.332,43.62946,259.5702,3.87,0
1776967755,raspberrypi,2.0100501,1.0050251,0.0,2254.703,49.41578,280.6533,0.21,0
1776967758,k3s-control,77.4509826,19.6078407,0.9803922,976.3398,973.1853,501.388,1.32,0
1776967758,k3s-worker-2,9.6938779,4.081633,0.0,925.4844,38.84806,256.5961,5.74,0
1776967758,k3s-worker-3,6.1538459,2.5641029,3.0769229,1119.9609,27.33405,279.2232,3.07,0
1776967758,k3s-worker-4,6.1224491,2.55102,0.0,708.7188,38.80378,244.2959,3.56,0
1776967758,raspberrypi,4.282116,1.511335,0.0,2248.125,18.42647,268.6971,0.21,0
1776967760,k3s-control,37.8378396,10.2702699,0.0,974.6641,1221.8703,962.9052,1.22,0
1776967760,k3s-worker-2,7.1428568,2.0408159,0.0,924.543,45.7845,255.817,5.92,0
1776967760,k3s-worker-3,7.1428568,2.0408159,0.0,1119.9922,53.55672,261.088,3.39,0
1776967760,k3s-worker-4,13.3333331,5.128205,1.5384615,722.4141,72.37236,1680.222,3.56,0
1776967760,raspberrypi,1.763224,1.0075567,0.0,2248.562,38.31178,282.9286,0.19,0
1776967763,k3s-control,57.7235798,10.569106,0.0,976.9883,1126.3931,199.7713,1.22,0
1776967763,k3s-worker-2,6.598985,3.045685,0.0,924.543,40.75755,251.8565,5.92,0
1776967763,k3s-worker-3,6.1224491,2.55102,0.0,1119.8047,49.65938,262.5289,3.39,0
1776967763,k3s-worker-4,8.1632652,3.5714291,0.0,722.4141,56.29879,277.1215,3.56,0
1776967763,raspberrypi,1.010101,0.5050505,0.0,2251.047,27.11525,265.2703,0.19,0
1776967765,k3s-control,60.264901,14.5695362,11.2582782,981.6875,1061.4035,210.8853,1.52,0
1776967765,k3s-worker-2,9.7435896,4.1025638,0.0,926.7305,45.6923,262.2638,6.57,0
1776967765,k3s-worker-3,9.0909086,4.0404038,0.0,1119.3398,31.99487,1281.848,3.68,0
1776967765,k3s-worker-4,8.0402011,3.015075,0.0,722.168,39.28799,262.9012,3.27,0
1776967765,raspberrypi,1.2594458,0.7556675,0.0,2252.5,14.048256,259.0204,0.18,0
1776967769,k3s-control,65.0406524,13.0081305,0.0,970.4258,1074.1898,193.0698,1.52,0
1776967769,k3s-worker-2,7.1428572,2.5510201,0.0,926.7305,57.72513,255.196,6.57,0
1776967769,k3s-worker-3,7.0707071,2.020202,0.0,1119.3398,30.61818,258.9828,3.68,0
1776967769,k3s-worker-4,5.5276381,3.0150751,0.0,722.168,29.68015,248.7666,3.27,0
1776967769,raspberrypi,3.5087719,0.7518797,0.0,2254.344,19.77185,266.2838,0.18,0
1776967771,k3s-control,36.1256501,10.471204,12.041885,997.8086,1123.2327,208.1769,1.4,0
1776967771,k3s-worker-2,7.106599,2.538071,0.0,926.7305,49.43189,242.8998,6.6,0
1776967771,k3s-worker-3,4.5685279,3.0456849,0.0,1119.3398,23.11365,248.2209,3.62,0
1776967771,k3s-worker-4,6.0913709,2.5380709,0.0,721.9219,48.54709,255.765,3.01,0
1776967771,raspberrypi,1.0075567,0.7556675,0.0,2255.656,20.8422,265.2673,0.16,0
1776967774,k3s-control,61.1570235,9.9173556,8.2644635,1020.457,1162.8818,253.2951,1.4,0
1776967774,k3s-worker-2,8.6294424,3.5532992,0.0,930.8789,69.1986,1333.9896,6.6,0
1776967774,k3s-worker-3,5.641026,3.076923,0.0,1119.3398,33.33518,262.0112,3.62,0
1776967774,k3s-worker-4,6.5326633,2.0100501,0.0,721.9219,53.1075,257.0133,2.77,0
1776967774,raspberrypi,1.5037594,0.7518797,0.0,2254.75,19.25191,262.1281,0.16,0
1776967777,k3s-control,64.0,8.8,0.0,990.3242,1061.6557,146.1367,1.37,0
1776967777,k3s-worker-2,8.1218268,3.0456849,0.0,932.6797,38.77309,257.0072,6.79,0
1776967777,k3s-worker-3,6.6326529,3.5714289,0.0,1122.6055,24.02038,265.9926,4.13,0
1776967777,k3s-worker-4,7.1065987,3.0456849,0.0,721.9219,40.23862,255.5877,2.77,0
1776967777,raspberrypi,3.25,0.75,0.0,2255.422,18.68959,264.8929,0.15,0
1776967780,k3s-control,66.3865565,10.9243711,0.8403362,1019.8477,1144.3116,188.3632,1.37,0
1776967780,k3s-worker-2,5.6122453,2.5510201,0.0,931.7383,43.42448,257.5888,6.79,0
1776967780,k3s-worker-3,5.1282051,2.5641031,0.0,1127.6406,42.6644,274.2597,4.52,0
1776967780,k3s-worker-4,5.5,3.0,0.0,721.9219,41.73286,267.0197,2.63,0
1776967780,raspberrypi,2.743142,1.4962594,0.0,2254.516,53.94779,284.8374,0.14,0
1776967783,k3s-control,58.0645199,13.709677,0.0,1005.3867,1020.8215,149.85924,1.26,0
1776967783,k3s-worker-2,7.614213,2.030457,0.0,931.2461,32.33181,250.2195,7.13,0
1776967783,k3s-worker-3,5.0505051,2.525253,0.0,1127.4219,35.52839,260.2572,4.52,0
1776967783,k3s-worker-4,7.106599,2.538071,0.0,721.9219,33.52265,245.5902,2.63,0
1776967783,raspberrypi,2.763819,0.5025126,0.0,2256.547,16.107363,259.5053,0.14,0
1776967786,k3s-control,32.291669,11.4583327,0.0,1004.1914,1140.9384,234.7022,1.26,0
1776967786,k3s-worker-2,6.091371,3.045685,0.0,931.0,48.3699,251.3005,7.13,0
1776967786,k3s-worker-3,7.5757579,2.525253,0.0,1126.6836,43.55464,264.8627,4.52,0
1776967786,k3s-worker-4,6.0301508,2.0100499,0.0,721.9219,51.5114,267.6917,2.42,0
1776967786,raspberrypi,2.0,1.25,0.0,2256.547,27.3991,270.4831,0.14,0
1776967788,k3s-control,51.3088977,9.9476436,0.0,998.8398,1037.8295,206.6811,1.16,0
1776967788,k3s-worker-2,7.5757579,3.030303,0.0,924.6016,51.61005,274.387,7.2,0
1776967788,k3s-worker-3,6.0913712,2.5380711,0.0,1126.1914,41.0699,253.622,5.36,0
1776967788,k3s-worker-4,7.6142127,2.5380709,0.0,721.9219,34.71277,250.6965,2.42,0
1776967788,raspberrypi,3.2745591,0.7556675,0.0,2246.984,16.389212,271.7251,0.13,0
1776967791,k3s-control,29.5698903,11.8279571,1.6129032,991.8867,1175.3153,233.937,1.16,0
1776967791,k3s-worker-2,7.0,3.0,0.5,924.6016,30.50308,250.1824,7.2,0
1776967791,k3s-worker-3,8.080808,2.020202,0.0,1125.6992,26.25123,252.8912,5.36,0
1776967791,k3s-worker-4,8.6294419,3.045685,0.0,735.7656,62.02545,294.1758,2.22,0
1776967791,raspberrypi,2.255639,1.2531328,0.0,2247.688,23.68362,269.9213,0.13,0
1776967794,k3s-control,34.7150293,10.8808288,2.072539,985.1641,1171.4438,243.2251,1.91,0
1776967794,k3s-worker-2,8.1218273,3.5532991,0.0,924.3828,38.27895,262.4959,7.18,0
1776967794,k3s-worker-3,6.565657,3.030303,0.0,1124.7422,46.28636,271.1524,5.89,0
1776967794,k3s-worker-4,6.5656569,3.5353539,0.0,735.5195,44.61926,266.4587,2.22,0
1776967794,raspberrypi,2.01005,1.0050251,0.0,2250.312,26.02437,276.1014,0.12,0
1776967797,k3s-control,30.386741,11.0497244,6.6298342,984.5391,1177.2234,243.8533,1.91,0
1776967797,k3s-worker-2,6.5989849,2.030457,0.0,919.2148,24.93032,250.8454,7.18,0
1776967797,k3s-worker-3,7.1065988,3.5532989,0.0,1125.5156,36.0459,251.561,5.89,0
1776967797,k3s-worker-4,6.5326632,3.5175881,0.0,735.0273,35.87032,250.1858,2.36,0
1776967797,raspberrypi,2.267003,0.5037783,0.0,2253.312,18.14029,264.5952,0.27,0
1776967800,k3s-control,57.2580635,12.0967748,2.4193552,995.2422,1147.6171,200.447,1.83,0
1776967800,k3s-worker-2,6.5989847,3.0456849,0.0,919.2148,39.80886,264.5714,7.33,0
1776967800,k3s-worker-3,8.1218272,6.0913711,0.0,1124.5742,47.04604,262.7127,5.9,0
1776967800,k3s-worker-4,7.1065991,3.0456851,0.0,734.3008,42.3768,259.5089,2.36,0
1776967800,raspberrypi,2.01005,1.2562814,0.0,2251.953,24.56568,268.0915,0.27,0
1776967803,k3s-control,32.6203195,9.0909089,4.2780749,1017.5664,1143.8627,233.4666,1.83,0
1776967803,k3s-worker-2,6.598985,3.045685,0.0,919.2148,39.75438,267.6667,7.33,0
1776967803,k3s-worker-3,7.614213,2.030457,0.0,1123.3711,28.12764,251.4769,6.55,0
1776967803,k3s-worker-4,6.5989847,3.5532989,0.0,734.0547,38.76517,256.1876,2.0,0
1776967803,raspberrypi,2.506266,0.5012531,0.0,2253.141,36.98544,279.5234,0.25,0
1776967806,k3s-control,41.447369,14.4736836,13.8157887,989.082,1115.578,157.62798,1.69,0
1776967806,k3s-worker-2,6.0606061,2.525253,0.0,924.9297,23.8135,254.7233,7.2,0
1776967806,k3s-worker-3,5.0505051,2.5252531,0.0,1121.6484,28.17431,248.2074,6.55,0
1776967806,k3s-worker-4,8.5,3.5,0.5,734.0547,43.86479,260.0606,2.0,0
1776967806,raspberrypi,2.5062659,1.0025063,0.0,2254.0,20.13818,267.3743,0.25,0
1776967809,k3s-control,32.9896888,9.2783507,6.7010308,992.0977,1146.6956,214.15,1.69,0
1776967809,k3s-worker-2,6.060606,2.525253,0.0,924.9297,35.31407,262.2037,7.2,0
1776967809,k3s-worker-3,8.629442,4.568528,0.0,1124.4844,58.7688,293.1746,6.583883,0
1776967809,k3s-worker-4,7.6923078,4.1025639,0.0,736.0938,58.1225,283.7446,1.84,0
1776967809,raspberrypi,2.267003,1.0075567,0.0,2254.203,19.03004,277.7763,0.23,0
1776967812,k3s-control,46.5277796,9.7222219,0.0,989.4609,1113.9737,169.9941,2.029,0
1776967812,k3s-worker-2,6.1224491,3.5714291,0.0,924.9297,24.18736,248.5183,7.26,0
1776967812,k3s-worker-3,6.0301511,3.517588,0.0,1124.4844,27.36111,252.4314,6.83,0
1776967812,k3s-worker-4,5.5555561,3.030303,0.0,740.7969,39.83289,253.2848,1.84,0
1776967812,raspberrypi,2.2556391,1.0025063,0.0,2254.609,24.92894,277.5945,0.23,0
1776967815,k3s-control,31.0880818,9.8445606,0.0,980.9688,1103.8656,217.1985,2.029,0
1776967815,k3s-worker-2,6.532663,3.015075,0.0,924.7109,34.59525,258.1627,7.08,0
1776967815,k3s-worker-3,7.0707069,3.535354,0.0,1124.4844,24.87477,250.4937,7.32,0
1776967815,k3s-worker-4,6.565657,3.030303,0.0,740.7031,34.46581,245.943,1.69,0
1776967815,raspberrypi,2.512563,0.7537688,0.0,2253.234,19.38132,260.2905,0.21,0
1776967818,k3s-control,30.3797499,16.455696,0.0,983.8125,1134.1323,2147.369,1.87,0
1776967818,k3s-worker-2,10.6060614,4.5454552,0.0,925.6719,39.16388,261.3815,7.08,0
1776967818,k3s-worker-3,9.1836734,3.5714291,0.5102041,1124.4844,24.57417,253.4235,7.32,0
1776967818,k3s-worker-4,5.6122451,3.061224,0.0,740.7031,60.6458,256.5292,1.69,0
1776967818,raspberrypi,3.266332,1.5075377,0.0,2244.953,14.52747,266.7786,0.19,0
1776967821,k3s-control,65.254237,9.3220336,0.8474576,980.75,1092.8664,181.6852,1.87,0
1776967821,k3s-worker-2,6.565657,2.020202,0.0,925.6719,25.78389,242.5573,6.67,0
1776967821,k3s-worker-3,7.1428572,2.5510201,0.0,1124.2656,52.98585,255.6492,7.37,0
1776967821,k3s-worker-4,12.2448986,5.6122453,1.0204082,739.4531,74.41346,1663.7379,1.56,0
1776967821,raspberrypi,2.4937659,0.9975062,0.0,2248.156,26.70333,268.7468,0.19,0
1776967824,k3s-control,66.3793067,11.2068964,0.0,980.6914,1066.8548,178.6753,1.72,0
1776967824,k3s-worker-2,7.1065987,3.0456849,0.0,928.0039,32.30928,246.2648,6.67,0
1776967824,k3s-worker-3,5.0505051,3.0303031,0.0,1124.2656,56.02446,279.7674,7.37,0
1776967824,k3s-worker-4,6.6326532,2.5510201,0.0,737.7344,37.40657,254.3817,1.56,0
1776967824,raspberrypi,2.2556391,1.0025063,0.0,2249.719,30.07461,283.057,0.16,0
1776967827,k3s-control,58.6776873,10.7438015,0.0,972.0273,1122.9837,207.256,1.72,0
1776967827,k3s-worker-2,7.1065993,4.5685282,0.0,922.6172,63.37579,279.6929,7.02,0
1776967827,k3s-worker-3,6.091371,3.045685,4.060914,1127.2695,46.94367,265.051,7.83,0
1776967827,k3s-worker-4,11.2244897,6.1224488,0.0,737.4883,51.4476,270.1422,1.43,0
1776967827,raspberrypi,2.0050131,1.2531329,0.0,2251.141,22.75184,263.0402,0.16,0
1776967830,k3s-control,83.333333,14.7058825,0.0,986.5312,1089.1275,186.5308,1.45,0
1776967830,k3s-worker-2,6.1224489,3.061224,1.0204082,922.6172,38.59966,244.4638,7.02,0
1776967830,k3s-worker-3,5.0505051,2.525253,0.0,1127.3125,33.1274,260.097,7.76,0
1776967830,k3s-worker-4,6.632653,4.081633,0.0,733.7969,34.06115,248.0466,1.64,0
1776967830,raspberrypi,2.2613071,0.7537688,0.0,2252.109,11.25408,258.2881,0.15,0
1776967833,k3s-control,85.1485143,12.8712876,0.0,992.8828,1052.5089,164.11143,1.45,0
1776967833,k3s-worker-2,7.5376883,2.5125631,0.0,922.6172,45.40041,276.2569,6.62,0
1776967833,k3s-worker-3,7.070707,2.020202,0.0,1127.0664,36.23618,248.143,7.76,0
1776967833,k3s-worker-4,7.6142127,2.5380709,0.0,733.5781,39.53162,249.0132,1.64,0
1776967833,raspberrypi,1.7543861,1.5037595,0.0,2253.25,19.3623,267.0176,0.15,0
1776967836,k3s-control,73.831777,10.2803736,0.0,992.4453,1079.9086,176.1634,1.98,0
1776967836,k3s-worker-2,7.070707,3.030303,0.0,922.6172,49.26042,687.7694,6.25,0
1776967836,k3s-worker-3,6.1224493,2.0408161,0.0,1126.4609,33.01389,255.7792,6.95,0
1776967836,k3s-worker-4,6.1224488,3.0612239,0.0,733.5781,43.78972,257.7826,1.39,0
1776967836,raspberrypi,2.015113,0.7556675,0.0,2254.391,17.97421,266.3549,0.14,0
1776967840,k3s-control,52.7559065,12.5984242,14.960629,992.4219,1097.6028,235.4652,1.82,0
1776967840,k3s-worker-2,7.6142132,3.0456851,0.0,922.3711,45.07345,259.5311,6.25,0
1776967840,k3s-worker-3,7.5376881,4.020101,0.0,1122.7812,34.06122,254.1129,6.95,0
1776967840,k3s-worker-4,8.0808079,3.030303,0.0,733.5781,39.26623,267.9236,1.39,0
1776967840,raspberrypi,2.015113,1.2594458,0.0,2250.297,16.130759,262.232,0.14,0
1776967843,k3s-control,78.0952384,7.6190478,0.952381,991.7344,1106.33,202.4666,1.82,0
1776967843,k3s-worker-2,8.0402006,4.0201008,0.0,922.1523,40.66169,254.4231,5.91,0
1776967843,k3s-worker-3,6.1224491,2.55102,0.0,1122.5352,37.99725,253.1602,6.79,0
1776967843,k3s-worker-4,6.0913709,2.5380709,0.0,733.3594,36.85421,247.2921,1.27,0
1776967843,raspberrypi,2.2613071,0.7537688,0.0,2253.25,20.58628,268.3853,0.12,0
1776967846,k3s-control,46.4,18.4,0.0,1003.1758,1046.4755,155.66861,2.08,0
1776967846,k3s-worker-2,9.1836726,5.1020408,0.0,918.2148,44.97089,267.9028,5.91,0
1776967846,k3s-worker-3,6.5989847,3.5532989,0.0,1122.0703,35.71632,247.3877,6.97,0
1776967846,k3s-worker-4,6.060606,2.525253,1.010101,734.25,36.62588,251.4449,1.17,0
1776967846,raspberrypi,2.777778,1.5151515,0.0,2243.344,12.314818,280.2264,0.11,0
1776967850,k3s-control,67.2897204,15.8878501,0.0,1006.3711,1128.49,192.5386,2.08,0
1776967850,k3s-worker-2,8.080808,2.020202,0.0,917.9961,41.16827,251.7246,5.68,0
1776967850,k3s-worker-3,5.555556,2.525253,0.0,1128.9922,47.16445,260.9857,6.97,0
1776967850,k3s-worker-4,7.5757578,2.5252529,0.0,729.3281,43.5598,263.6778,1.17,0
1776967850,raspberrypi,2.0100501,1.0050251,0.0,2240.562,23.7198,278.6589,0.11,0
